data	avg_judgment_no	kri_full	kri_annotator7,mean_others	kri_annotator6,mean_others	kri_annotator6,annotator7	kri_annotator5,mean_others	kri_annotator5,annotator7	kri_annotator5,annotator6	kri_annotator4,mean_others	kri_annotator4,annotator7	kri_annotator4,annotator6	kri_annotator4,annotator5	kri_annotator3,mean_others	kri_annotator3,annotator7	kri_annotator3,annotator6	kri_annotator3,annotator5	kri_annotator3,annotator4	kri_annotator2,mean_others	kri_annotator2,annotator7	kri_annotator2,annotator6	kri_annotator2,annotator5	kri_annotator2,annotator4	kri_annotator2,annotator3	kri_annotator1,mean_others	kri_annotator1,annotator7	kri_annotator1,annotator6	kri_annotator1,annotator5	kri_annotator1,annotator4	kri_annotator1,annotator3	kri_annotator1,annotator2	kri_annotator0,mean_others	kri_annotator0,annotator7	kri_annotator0,annotator6	kri_annotator0,annotator5	kri_annotator0,annotator4	kri_annotator0,annotator3	kri_annotator0,annotator2	kri_annotator0,annotator1	kri2_full	kri2_annotator6,annotator7	kri2_annotator5,annotator7	kri2_annotator5,annotator6	kri2_annotator4,annotator7	kri2_annotator4,annotator6	kri2_annotator4,annotator5	kri2_annotator3,annotator7	kri2_annotator3,annotator6	kri2_annotator3,annotator5	kri2_annotator3,annotator4	kri2_annotator2,annotator7	kri2_annotator2,annotator6	kri2_annotator2,annotator5	kri2_annotator2,annotator4	kri2_annotator2,annotator3	kri2_annotator1,annotator7	kri2_annotator1,annotator6	kri2_annotator1,annotator5	kri2_annotator1,annotator4	kri2_annotator1,annotator3	kri2_annotator1,annotator2	kri2_annotator0,annotator7	kri2_annotator0,annotator6	kri2_annotator0,annotator5	kri2_annotator0,annotator4	kri2_annotator0,annotator3	kri2_annotator0,annotator2	kri2_annotator0,annotator1	spr_mean_weighted	spr_mean	spr_annotator7,mean_others	spr_annotator6,mean_others	spr_annotator6,annotator7	spr_annotator5,mean_others	spr_annotator5,annotator7	spr_annotator5,annotator6	spr_annotator4,mean_others	spr_annotator4,annotator7	spr_annotator4,annotator6	spr_annotator4,annotator5	spr_annotator3,mean_others	spr_annotator3,annotator7	spr_annotator3,annotator6	spr_annotator3,annotator5	spr_annotator3,annotator4	spr_annotator2,mean_others	spr_annotator2,annotator7	spr_annotator2,annotator6	spr_annotator2,annotator5	spr_annotator2,annotator4	spr_annotator2,annotator3	spr_annotator1,mean_others	spr_annotator1,annotator7	spr_annotator1,annotator6	spr_annotator1,annotator5	spr_annotator1,annotator4	spr_annotator1,annotator3	spr_annotator1,annotator2	spr_annotator0,mean_others	spr_annotator0,annotator7	spr_annotator0,annotator6	spr_annotator0,annotator5	spr_annotator0,annotator4	spr_annotator0,annotator3	spr_annotator0,annotator2	spr_annotator0,annotator1	ham_mean_weighted	ham_mean	ham_annotator7,mean_others	ham_annotator6,mean_others	ham_annotator6,annotator7	ham_annotator5,mean_others	ham_annotator5,annotator7	ham_annotator5,annotator6	ham_annotator4,mean_others	ham_annotator4,annotator7	ham_annotator4,annotator6	ham_annotator4,annotator5	ham_annotator3,mean_others	ham_annotator3,annotator7	ham_annotator3,annotator6	ham_annotator3,annotator5	ham_annotator3,annotator4	ham_annotator2,mean_others	ham_annotator2,annotator7	ham_annotator2,annotator6	ham_annotator2,annotator5	ham_annotator2,annotator4	ham_annotator2,annotator3	ham_annotator1,mean_others	ham_annotator1,annotator7	ham_annotator1,annotator6	ham_annotator1,annotator5	ham_annotator1,annotator4	ham_annotator1,annotator3	ham_annotator1,annotator2	ham_annotator0,mean_others	ham_annotator0,annotator7	ham_annotator0,annotator6	ham_annotator0,annotator5	ham_annotator0,annotator4	ham_annotator0,annotator3	ham_annotator0,annotator2	ham_annotator0,annotator1	overlap_annotator6,annotator7	overlap_annotator5,annotator7	overlap_annotator5,annotator6	overlap_annotator4,annotator7	overlap_annotator4,annotator6	overlap_annotator4,annotator5	overlap_annotator3,annotator7	overlap_annotator3,annotator6	overlap_annotator3,annotator5	overlap_annotator3,annotator4	overlap_annotator2,annotator7	overlap_annotator2,annotator6	overlap_annotator2,annotator5	overlap_annotator2,annotator4	overlap_annotator2,annotator3	overlap_annotator1,annotator7	overlap_annotator1,annotator6	overlap_annotator1,annotator5	overlap_annotator1,annotator4	overlap_annotator1,annotator3	overlap_annotator1,annotator2	overlap_annotator0,annotator7	overlap_annotator0,annotator6	overlap_annotator0,annotator5	overlap_annotator0,annotator4	overlap_annotator0,annotator3	overlap_annotator0,annotator2	overlap_annotator0,annotator1	judgments_annotator0	judgments_annotator1	judgments_annotator2	judgments_annotator3	judgments_annotator4	judgments_annotator5	judgments_annotator6	judgments_annotator7	judgments_total	judgment_1.0	judgment_2.0	judgment_3.0	judgment_4.0	judgment_0.0
full	1.105070276795723	0.5773712345413963	0.3510124674211833	0.41279901036482214	0.2754682723665567	0.5259669317094477	0.06942349698356565	0.7496528518135409	0.4565373227443599	0.36265203095147636	0.32521109456557196	0.43624469739605076	0.6338975560843124	nan	nan	nan	nan	0.5647352955281071	0.5012991452991453	-0.06000811750639001	0.11424603174603165	0.34650808703440283	0.7544531851688855	0.625094220101901	0.3908697070486217	0.5775832682263572	0.7198173439928937	0.5668636042313462	0.5743021696877011	0.5624179805957201	0.7252133273746799	0.2532432432432432	0.5702729376746063	0.5028578232912597	0.495803800535488	0.7219593202883625	0.8111828236449219	0.7138974544659477	0.5834955598567164	0.4298625030077312	0.44039377280773095	0.7960582711831168	0.5184228983104533	0.3449110487571059	0.6019560048359032	nan	nan	nan	nan	0.6043178575762094	-0.21855665399166857	0.3305049378836151	0.4784544906135052	0.7667653009187506	0.5998185680010587	0.5880719617392767	0.7958032773146433	0.6693844371528681	0.5559968229328844	0.5413875205325575	0.46855925813101773	0.5293337150588991	0.6340239009445829	0.6050698177654443	0.6361028431555121	0.7544525285420364	0.6819722172527802	0.6377504118764958	0.5628208536126885	0.36333802907674523	0.5045095449386624	0.34194336915245527	0.552216998522521	0.04874401913875599	0.7600842080964245	0.4839697590691114	0.35830483776437544	0.4973354994129218	0.5236769473407489	0.6342751916146132	nan	nan	nan	nan	0.6621421149782691	0.5040346998046777	0.5099863199170207	0.3106303720986978	0.4059115925712558	0.8207202320805824	0.6813358788979217	0.41916278293880743	0.6244713865445003	0.7213430923778383	0.6220442685073361	0.6231040350589182	0.6716576666542777	0.785111326516089	0.3335859269645295	0.7293392072663955	0.6968262185797204	0.5406240033821951	0.8233465377833253	0.8138948373446822	0.8069284259240836	0.5209044368600683	0.5187693184103049	nan	nan	0.4285714285714286	nan	0.3913043478260869	0.5365853658536586	nan	0.5633802816901409	0.3731343283582089	0.5581395348837209	0.49514563106796117	nan	nan	nan	nan	nan	0.7333333333333334	0.24489795918367352	0.5	0.5777777777777777	0.55	nan	0.5584415584415585	0.42038216560509556	0.6333333333333333	0.5493827160493827	0.4571428571428572	0.5053191489361701	nan	0.55	0.4722222222222222	0.3846153846153846	0.6153846153846154	0.55	0.7380952380952381	0.5590200445434299	77	23	41	71	134	43	0	0	0	0	15	49	20	45	20	77	157	60	162	70	564	20	36	13	52	20	126	449	2516	12557	4006	501	2183	687	2034	1147	25633	2606	5776	6456	9306	1487
abspalten	1.0833333333333333	0.676036587135725	nan	nan	nan	nan	nan	nan	nan	nan	nan	nan	nan	nan	nan	nan	nan	0.8587001234060058	nan	nan	nan	nan	nan	0.6859995611147685	nan	nan	nan	nan	nan	0.8937062937062937	0.5208333333333333	nan	nan	nan	nan	nan	0.0	0.5406060606060605	0.747451988102301	nan	nan	nan	nan	nan	nan	nan	nan	nan	nan	nan	nan	nan	nan	nan	nan	nan	nan	nan	nan	0.9179663375688618	nan	nan	nan	nan	nan	0.5327178712639409	0.636962885943533	0.7182053074625243	0.7265367876556104	nan	nan	nan	nan	nan	nan	nan	nan	nan	nan	nan	nan	nan	nan	nan	0.8806650570238264	nan	nan	nan	nan	nan	0.7006570699495793	nan	nan	nan	nan	nan	0.9014978717104176	0.5099206349206349	nan	nan	nan	nan	nan	nan	0.5515757036008032	0.7272727272727273	0.5121212121212121	nan	nan	nan	nan	nan	nan	nan	nan	nan	nan	nan	nan	nan	nan	nan	0.8181818181818181	nan	nan	nan	nan	nan	0.7619047619047619	nan	nan	nan	nan	nan	0.9	0.5833333333333333	nan	nan	nan	nan	nan	0.0	0.6363636363636364	0	0	0	0	0	0	0	0	0	0	0	0	0	0	0	0	0	0	0	0	10	0	0	0	0	0	1	11	49	165	72	0	0	0	0	0	286	0	131	92	62	1
Ächtung	1.0630372492836677	0.8556397306397306	nan	nan	nan	nan	nan	nan	nan	nan	nan	nan	nan	nan	nan	nan	nan	0.9290740219532789	nan	nan	nan	nan	nan	0.8447817836812144	nan	nan	nan	nan	nan	0.9105882352941177	0.7619047619047619	nan	nan	nan	nan	nan	nan	0.7346938775510203	0.8957277901340491	nan	nan	nan	nan	nan	nan	nan	nan	nan	nan	nan	nan	nan	nan	nan	nan	nan	nan	nan	nan	0.928666967947448	nan	nan	nan	nan	nan	1.0	0.8447946954693486	0.8828823958520783	0.8629500364742665	nan	nan	nan	nan	nan	nan	nan	nan	nan	nan	nan	nan	nan	nan	nan	0.9810708435174291	nan	nan	nan	nan	nan	0.8576578123452984	nan	nan	nan	nan	nan	0.975900072948533	0.7745966692414833	nan	nan	nan	nan	nan	nan	0.75	0.7777777777777779	0.8523809523809524	nan	nan	nan	nan	nan	nan	nan	nan	nan	nan	nan	nan	nan	nan	nan	0.7272727272727273	nan	nan	nan	nan	nan	0.7647058823529411	nan	nan	nan	nan	nan	0.7	0.875	nan	nan	nan	nan	nan	1.0	0.8571428571428572	0	0	0	0	0	0	0	0	0	0	0	0	0	0	0	0	0	0	0	0	10	0	0	0	0	0	1	7	40	245	86	0	0	0	0	0	371	0	31	151	149	40
angeregt	1.094488188976378	0.7754761904761904	nan	nan	nan	nan	nan	nan	nan	nan	nan	nan	nan	nan	nan	nan	nan	0.738006617038875	nan	nan	nan	nan	nan	0.7571522680218332	nan	nan	nan	nan	nan	0.6906531932573599	0.8414722012367442	nan	nan	nan	nan	nan	1.0	0.8183391003460208	0.8233186594562667	nan	nan	nan	nan	nan	nan	nan	nan	nan	nan	nan	nan	nan	nan	nan	nan	nan	nan	nan	nan	0.7820538258419719	nan	nan	nan	nan	nan	1.0	0.8486247423560102	0.7866216554559999	0.8475243199981061	nan	nan	nan	nan	nan	nan	nan	nan	nan	nan	nan	nan	nan	nan	nan	0.7391663779878679	nan	nan	nan	nan	nan	0.777439655019423	nan	nan	nan	nan	nan	0.6919823789434122	0.8671613239132521	nan	nan	nan	nan	nan	0.9999999999999999	0.8505905810509062	0.7428571428571429	0.8186274509803922	nan	nan	nan	nan	nan	nan	nan	nan	nan	nan	nan	nan	nan	nan	nan	0.7777777777777778	nan	nan	nan	nan	nan	0.7272727272727273	nan	nan	nan	nan	nan	0.75	0.736842105263158	nan	nan	nan	nan	nan	1.0	0.7058823529411764	0	0	0	0	0	0	0	0	0	0	0	0	0	0	0	0	0	0	0	0	16	0	0	0	0	0	2	17	84	263	70	0	0	0	0	0	417	0	205	59	147	6
Angesicht	1.0446428571428572	0.6761904761904762	nan	nan	nan	nan	nan	nan	nan	nan	nan	nan	nan	nan	nan	nan	nan	0.6761904761904762	nan	nan	nan	nan	nan	0.6761904761904762	nan	nan	nan	nan	nan	0.6761904761904762	nan	nan	nan	nan	nan	nan	nan	nan	0.7367091062500173	nan	nan	nan	nan	nan	nan	nan	nan	nan	nan	nan	nan	nan	nan	nan	nan	nan	nan	nan	nan	0.7367091062500173	nan	nan	nan	nan	nan	nan	nan	0.8783100656536799	0.8783100656536799	nan	nan	nan	nan	nan	nan	nan	nan	nan	nan	nan	nan	nan	nan	nan	0.8783100656536799	nan	nan	nan	nan	nan	0.8783100656536799	nan	nan	nan	nan	nan	0.8783100656536799	nan	nan	nan	nan	nan	nan	nan	nan	0.5555555555555556	0.5555555555555556	nan	nan	nan	nan	nan	nan	nan	nan	nan	nan	nan	nan	nan	nan	nan	0.5555555555555556	nan	nan	nan	nan	nan	0.5555555555555556	nan	nan	nan	nan	nan	0.5555555555555556	nan	nan	nan	nan	nan	nan	nan	nan	0	0	0	0	0	0	0	0	0	0	0	0	0	0	0	0	0	0	0	0	9	0	0	0	0	0	0	0	0	159	75	0	0	0	0	0	234	3	109	47	49	26
Angriffswaffe	1.0865139949109415	0.13764510779436157	nan	nan	nan	nan	nan	nan	nan	nan	nan	nan	nan	nan	nan	nan	nan	0.2733333333333333	nan	nan	nan	nan	nan	0.18649242235752117	nan	nan	nan	nan	nan	0.3833333333333333	-0.07407407407407418	nan	nan	nan	nan	nan	-0.5	-0.021008403361344685	0.4604737357494375	nan	nan	nan	nan	nan	nan	nan	nan	nan	nan	nan	nan	nan	nan	nan	nan	nan	nan	nan	nan	0.6509970867699533	nan	nan	nan	nan	nan	0.12249308592285568	0.2951499675212569	0.43319705145831283	0.4423310626599454	nan	nan	nan	nan	nan	nan	nan	nan	nan	nan	nan	nan	nan	nan	nan	0.25434031378314964	nan	nan	nan	nan	nan	0.31397645342802494	nan	nan	nan	nan	nan	0.3820465887291705	0.49099025303098287	nan	nan	nan	nan	nan	nan	0.5026155365907202	0.5142857142857142	0.34711779448621555	nan	nan	nan	nan	nan	nan	nan	nan	nan	nan	nan	nan	nan	nan	nan	nan	nan	nan	nan	nan	nan	nan	nan	nan	nan	nan	nan	0.6842105263157895	0.33333333333333337	nan	nan	nan	nan	nan	0.0	0.3571428571428571	0	0	0	0	0	0	0	0	0	0	0	0	0	0	0	0	0	0	0	0	19	0	0	0	0	0	2	14	67	265	95	0	0	0	0	0	427	0	17	229	160	21
anpflanzen	1.1811965811965812	0.5941366655712993	0.6295974672094076	0.38200729927007304	0.25	0.6073701410388717	nan	nan	0.6609316267208141	nan	0.5565068493150684	-0.5	nan	nan	nan	nan	nan	0.4062499999999999	nan	nan	nan	nan	nan	0.5897387777600713	0.5851525636992765	0.31554588607594924	0.5851525636992765	0.6018803418803419	nan	0.606060606060606	0.8211580654392827	0.0	0.8333333333333333	nan	0.7727272727272727	nan	0.0	1.0	0.6100505476982221	0.35981783566284053	nan	1.0	1.0	0.6764456346388623	0.12249308592285568	nan	nan	nan	nan	1.0	1.0	nan	1.0	nan	0.6441503191951629	0.18852675490838955	0.6441503191951629	0.667531163250378	nan	0.707298989190842	0.4102774080171523	0.8577372968139646	nan	0.7358417641436026	nan	0.1776802463502477	1.0	0.6936504234501992	0.7514222655261888	0.6855326260692216	0.5213133386766442	nan	0.697277051246695	nan	nan	0.6587285016368866	nan	0.7745966692414834	nan	nan	nan	nan	nan	nan	0.5091750772173156	nan	nan	nan	nan	nan	0.6277623149761399	0.6964257450311208	0.4939227194882292	0.6964257450311208	0.5899068827914041	nan	0.6454972243679028	0.8291594688026502	nan	0.9999999999999999	nan	0.8660254037844387	nan	nan	1.0	0.5999999999999999	0.6207607207607208	0.6666666666666667	nan	0.0	0.5833333333333333	nan	1.0	nan	1.0	0.5	0.0	nan	nan	nan	nan	nan	0.8	1.0	1.0	nan	1.0	nan	nan	0.5454545454545454	0.19999999999999996	0.5454545454545454	0.6923076923076923	nan	0.8571428571428572	nan	0.5	0.5	nan	0.33333333333333337	nan	0.5	1.0	2	0	1	1	4	2	0	0	0	0	1	1	0	1	0	11	20	11	26	0	7	2	2	0	3	0	2	18	56	417	21	0	73	34	60	30	691	18	146	73	434	20
Arbeitsbedingung	1.0295566502463054	-0.006462585034013646	nan	nan	nan	nan	nan	nan	nan	nan	nan	nan	nan	nan	nan	nan	nan	-0.006462585034013646	nan	nan	nan	nan	nan	-0.006462585034013646	nan	nan	nan	nan	nan	-0.006462585034013646	nan	nan	nan	nan	nan	nan	nan	nan	0.2858717040582428	nan	nan	nan	nan	nan	nan	nan	nan	nan	nan	nan	nan	nan	nan	nan	nan	nan	nan	nan	nan	0.2858717040582428	nan	nan	nan	nan	nan	nan	nan	-0.11180339887498951	-0.11180339887498951	nan	nan	nan	nan	nan	nan	nan	nan	nan	nan	nan	nan	nan	nan	nan	-0.1118033988749895	nan	nan	nan	nan	nan	-0.11180339887498951	nan	nan	nan	nan	nan	-0.11180339887498951	nan	nan	nan	nan	nan	nan	nan	nan	0.33333333333333337	0.33333333333333337	nan	nan	nan	nan	nan	nan	nan	nan	nan	nan	nan	nan	nan	nan	nan	0.33333333333333337	nan	nan	nan	nan	nan	0.33333333333333337	nan	nan	nan	nan	nan	0.33333333333333337	nan	nan	nan	nan	nan	nan	nan	nan	0	0	0	0	0	0	0	0	0	0	0	0	0	0	0	0	0	0	0	0	6	0	0	0	0	0	0	0	0	153	56	0	0	0	0	0	209	0	9	62	131	7
Aufkommen	1.1082474226804124	0.6240241718277895	nan	nan	nan	nan	nan	nan	nan	nan	nan	nan	0.6221428571428571	nan	nan	nan	nan	0.6264297385620915	nan	nan	nan	nan	nan	0.5366671721767262	nan	nan	nan	nan	0.4541652726664437	0.5907692307692307	0.7054655870445344	nan	nan	nan	nan	0.9	0.5853174603174602	0.5614481409001957	0.4969273765023313	nan	nan	nan	nan	nan	nan	nan	nan	nan	nan	nan	nan	nan	nan	1.0	nan	nan	nan	nan	0.3905354620415876	0.32965006326657653	nan	nan	nan	nan	0.9146296158275183	0.67277382723009	0.25681573761911003	0.7823213813680998	0.7638245634042936	nan	nan	nan	nan	nan	nan	nan	nan	nan	nan	0.6182840223353119	nan	nan	nan	nan	0.7242056079381052	nan	nan	nan	nan	nan	0.7681315150607766	nan	nan	nan	nan	0.4733646312031287	0.7485114296183862	0.8000605966572527	nan	nan	nan	nan	0.9428090415820635	0.7071067811865475	0.9473309334313419	0.42857142857142855	0.5376984126984127	nan	nan	nan	nan	nan	nan	nan	nan	nan	nan	0.5	nan	nan	nan	nan	0.4375	nan	nan	nan	nan	1.0	0.3666666666666667	nan	nan	nan	nan	0.2857142857142857	0.5	0.3913043478260869	nan	nan	nan	nan	0.75	0.33333333333333337	0.3571428571428571	0	0	0	0	0	0	0	0	0	0	0	0	0	0	1	0	0	0	0	7	10	0	0	0	0	4	6	14	70	232	51	77	0	0	0	0	430	137	89	52	145	7
Aufrichtung	1.0818181818181818	0.654614121068505	1.0	0.4553875638841567	nan	0.125	nan	nan	0.7441109753969639	nan	0.6921052631578948	0.16666666666666663	nan	nan	nan	nan	nan	0.6505102040816326	nan	-0.41666666666666696	nan	1.0	nan	nan	nan	nan	nan	nan	nan	nan	nan	nan	nan	nan	nan	nan	nan	nan	0.6758522066768293	1.0	nan	nan	nan	0.6762216262391046	0.4889056904436825	nan	nan	nan	nan	1.0	-0.03548354465610082	1.0	1.0	nan	nan	nan	nan	nan	nan	nan	nan	nan	nan	nan	nan	nan	nan	0.7740704857031664	0.7676516895156554	0.9999999999999999	0.6344978479284821	nan	0.3333333333333333	nan	nan	0.7441862925386246	nan	0.8029550685469662	0.5000000000000001	nan	nan	nan	nan	nan	0.724568837309472	nan	nan	nan	1.0	nan	nan	nan	nan	nan	nan	nan	nan	nan	nan	nan	nan	nan	nan	nan	nan	0.5	0.6476190476190476	1.0	0.25	1.0	0.5	nan	nan	0.4545454545454546	nan	0.19999999999999996	0.33333333333333337	nan	nan	nan	nan	nan	0.7142857142857143	1.0	0.0	1.0	1.0	nan	nan	nan	nan	nan	nan	nan	nan	nan	nan	nan	nan	nan	nan	nan	nan	1	0	0	0	5	3	0	0	0	0	1	2	1	3	0	0	0	0	0	0	0	0	0	0	0	0	0	0	0	0	41	0	87	24	65	21	238	38	76	45	74	5
aufstrebend	1.1850220264317182	0.6299530791150229	0.6713685474189676	0.45529787672644817	0.5972222222222222	0.109375	nan	0.4444444444444444	0.6207644873415297	1.0	0.1657303370786516	0.0	nan	nan	nan	nan	nan	0.8377581120943953	nan	nan	nan	1.0	nan	0.6696651332956319	0.5889550264550264	0.44359756097560976	0.125	0.6375	nan	0.5277777777777778	0.6404970129950114	0.8333333333333333	0.5277777777777778	nan	1.0	nan	1.0	0.4696969696969697	0.7015940285095251	0.6885470540621521	1.0	0.740398817368856	1.0	-0.20374926366022428	0.04903035091696961	nan	nan	nan	nan	1.0	nan	nan	1.0	nan	0.7096367601146218	0.41959711228308705	0.5911281373559483	0.7657629268565473	nan	0.69615596525278	0.8577372968139646	0.33538160170241327	nan	1.0	nan	1.0	0.6376084504350492	0.7910410736681318	0.8239177600467872	0.738988427584557	0.661094248015181	0.8164965809277261	0.19518001458970666	nan	0.5000000000000001	0.7221284456564987	0.9999999999999999	0.7071067811865475	nan	nan	nan	nan	nan	nan	0.8763560920082659	nan	nan	nan	0.9999999999999999	nan	0.7774167186841782	0.7833333333333334	0.9682458365518541	0.3333333333333333	0.8154355063002009	nan	0.8660254037844387	0.7662359158314349	0.9999999999999999	0.8660254037844387	nan	1.0	nan	0.9999999999999999	0.7027642214999338	0.5176470588235293	0.5896604938271605	0.5714285714285714	0.2272727272727273	0.5	nan	1.0	0.6666666666666667	nan	1.0	0.0	0.0	nan	nan	nan	nan	nan	nan	1.0	nan	nan	1.0	nan	nan	0.5	0.125	0.5	0.6	nan	0.33333333333333337	nan	0.5	0.33333333333333337	nan	1.0	nan	1.0	0.5555555555555556	4	1	3	2	6	1	0	0	0	0	1	0	0	2	0	6	8	4	15	0	3	2	3	0	4	0	2	18	76	207	21	0	89	25	78	42	538	32	163	183	133	27
ausbilden	1.0333333333333334	0.7860139860139861	nan	nan	nan	nan	nan	nan	nan	nan	nan	nan	nan	nan	nan	nan	nan	0.7860139860139861	nan	nan	nan	nan	nan	0.7860139860139861	nan	nan	nan	nan	nan	0.7860139860139861	nan	nan	nan	nan	nan	nan	nan	nan	0.703101682749588	nan	nan	nan	nan	nan	nan	nan	nan	nan	nan	nan	nan	nan	nan	nan	nan	nan	nan	nan	nan	0.703101682749588	nan	nan	nan	nan	nan	nan	nan	0.9128709291752769	0.9128709291752769	nan	nan	nan	nan	nan	nan	nan	nan	nan	nan	nan	nan	nan	nan	nan	0.9128709291752769	nan	nan	nan	nan	nan	0.9128709291752769	nan	nan	nan	nan	nan	0.9128709291752769	nan	nan	nan	nan	nan	nan	nan	nan	0.4	0.4	nan	nan	nan	nan	nan	nan	nan	nan	nan	nan	nan	nan	nan	nan	nan	0.4	nan	nan	nan	nan	nan	0.4	nan	nan	nan	nan	nan	0.4	nan	nan	nan	nan	nan	nan	nan	nan	0	0	0	0	0	0	0	0	0	0	0	0	0	0	0	0	0	0	0	0	5	0	0	0	0	0	0	0	0	112	43	0	0	0	0	0	155	61	19	25	50	0
Ausrufung	1.10498687664042	0.5792513674585681	nan	nan	nan	nan	nan	nan	nan	nan	nan	nan	nan	nan	nan	nan	nan	0.42271886288214733	nan	nan	nan	nan	nan	0.5414020882164927	nan	nan	nan	nan	nan	0.29767145505097303	0.6951380368098159	nan	nan	nan	nan	nan	0.8452380952380952	0.6579861111111112	0.48978654457898063	nan	nan	nan	nan	nan	nan	nan	nan	nan	nan	nan	nan	nan	nan	nan	nan	nan	nan	nan	nan	0.2784436865555482	nan	nan	nan	nan	nan	0.86086317546137	0.520706539366075	0.7895835253938455	0.79528799353314	nan	nan	nan	nan	nan	nan	nan	nan	nan	nan	nan	nan	nan	nan	nan	0.589351104474321	nan	nan	nan	nan	nan	0.7331251189545217	nan	nan	nan	nan	nan	0.7496055918040935	0.7778953768230588	nan	nan	nan	nan	nan	0.8333333333333333	0.8029250554619931	0.33333333333333337	0.39354395604395603	nan	nan	nan	nan	nan	nan	nan	nan	nan	nan	nan	nan	nan	nan	nan	nan	nan	nan	nan	nan	nan	nan	nan	nan	nan	nan	nan	0.15384615384615385	nan	nan	nan	nan	nan	nan	0.7142857142857143	0.3125	0	0	0	0	0	0	0	0	0	0	0	0	0	0	0	0	0	0	0	0	13	0	0	0	0	0	7	16	83	255	83	0	0	0	0	0	421	95	72	64	143	47
Aussterben	1.0844155844155845	0.32985878048459494	nan	nan	nan	nan	nan	nan	nan	nan	nan	nan	nan	nan	nan	nan	nan	0.45238095238095233	nan	nan	nan	nan	nan	0.20873023666895807	nan	nan	nan	nan	nan	0.23295454545454541	0.44660607781880146	nan	nan	nan	nan	nan	0.8875	0.35186147186147176	0.4637962569626498	nan	nan	nan	nan	nan	nan	nan	nan	nan	nan	nan	nan	nan	nan	nan	nan	nan	nan	nan	nan	0.41570472712216255	nan	nan	nan	nan	nan	0.9046169912530443	0.47011854022196886	0.6378286424827643	0.6867797370145637	nan	nan	nan	nan	nan	nan	nan	nan	nan	nan	nan	nan	nan	nan	nan	0.6350528962771202	nan	nan	nan	nan	nan	0.46563376400413214	nan	nan	nan	nan	nan	0.4666666666666667	0.543208558931642	nan	nan	nan	nan	nan	1.0	0.5936725443770244	0.5217391304347826	0.5333333333333333	nan	nan	nan	nan	nan	nan	nan	nan	nan	nan	nan	nan	nan	nan	nan	0.5833333333333333	nan	nan	nan	nan	nan	nan	nan	nan	nan	nan	nan	0.5	nan	nan	nan	nan	nan	nan	0.6	0.5	0	0	0	0	0	0	0	0	0	0	0	0	0	0	0	0	0	0	0	0	8	0	0	0	0	0	5	10	78	168	88	0	0	0	0	0	335	0	46	98	161	29
Bemerken	1.027906976744186	0.9777777777777777	nan	nan	nan	nan	nan	nan	nan	nan	nan	nan	nan	nan	nan	nan	nan	0.9777777777777777	nan	nan	nan	nan	nan	0.9777777777777777	nan	nan	nan	nan	nan	0.9777777777777777	nan	nan	nan	nan	nan	nan	nan	nan	0.986173874313347	nan	nan	nan	nan	nan	nan	nan	nan	nan	nan	nan	nan	nan	nan	nan	nan	nan	nan	nan	nan	0.986173874313347	nan	nan	nan	nan	nan	nan	nan	1.0	1.0	nan	nan	nan	nan	nan	nan	nan	nan	nan	nan	nan	nan	nan	nan	nan	1.0	nan	nan	nan	nan	nan	1.0	nan	nan	nan	nan	nan	1.0	nan	nan	nan	nan	nan	nan	nan	nan	0.8	0.8	nan	nan	nan	nan	nan	nan	nan	nan	nan	nan	nan	nan	nan	nan	nan	0.8	nan	nan	nan	nan	nan	0.8	nan	nan	nan	nan	nan	0.8	nan	nan	nan	nan	nan	nan	nan	nan	0	0	0	0	0	0	0	0	0	0	0	0	0	0	0	0	0	0	0	0	5	0	0	0	0	0	0	0	0	184	37	0	0	0	0	0	221	37	17	26	123	18
Berücksichtigung	1.0	nan	nan	nan	nan	nan	nan	nan	nan	nan	nan	nan	nan	nan	nan	nan	nan	nan	nan	nan	nan	nan	nan	nan	nan	nan	nan	nan	nan	nan	nan	nan	nan	nan	nan	nan	nan	nan	nan	nan	nan	nan	nan	nan	nan	nan	nan	nan	nan	nan	nan	nan	nan	nan	nan	nan	nan	nan	nan	nan	nan	nan	nan	nan	nan	nan	nan	0.0	nan	nan	nan	nan	nan	nan	nan	nan	nan	nan	nan	nan	nan	nan	nan	nan	nan	nan	nan	nan	nan	nan	nan	nan	nan	nan	nan	nan	nan	nan	nan	nan	nan	nan	nan	nan	nan	0.0	nan	nan	nan	nan	nan	nan	nan	nan	nan	nan	nan	nan	nan	nan	nan	nan	nan	nan	nan	nan	nan	nan	nan	nan	nan	nan	nan	nan	nan	nan	nan	nan	nan	nan	nan	nan	nan	0	0	0	0	0	0	0	0	0	0	0	0	0	0	0	0	0	0	0	0	0	0	0	0	0	0	0	0	0	110	13	0	0	0	0	0	123	0	14	27	82	0
durchdenken	1.0125786163522013	0.0	nan	nan	nan	nan	nan	nan	nan	nan	nan	nan	nan	nan	nan	nan	nan	0.0	nan	nan	nan	nan	nan	0.0	nan	nan	nan	nan	nan	0.0	nan	nan	nan	nan	nan	nan	nan	nan	0.4102774080171523	nan	nan	nan	nan	nan	nan	nan	nan	nan	nan	nan	nan	nan	nan	nan	nan	nan	nan	nan	nan	0.4102774080171523	nan	nan	nan	nan	nan	nan	nan	0.0	nan	nan	nan	nan	nan	nan	nan	nan	nan	nan	nan	nan	nan	nan	nan	nan	nan	nan	nan	nan	nan	nan	nan	nan	nan	nan	nan	nan	nan	nan	nan	nan	nan	nan	nan	nan	nan	0.5	0.5	nan	nan	nan	nan	nan	nan	nan	nan	nan	nan	nan	nan	nan	nan	nan	0.5	nan	nan	nan	nan	nan	0.5	nan	nan	nan	nan	nan	0.5	nan	nan	nan	nan	nan	nan	nan	nan	0	0	0	0	0	0	0	0	0	0	0	0	0	0	0	0	0	0	0	0	2	0	0	0	0	0	0	0	0	129	32	0	0	0	0	0	161	0	0	69	88	4
einbinden	1.0991957104557641	0.18865798351861074	nan	nan	nan	nan	nan	nan	nan	nan	nan	nan	nan	nan	nan	nan	nan	0.20301418439716323	nan	nan	nan	nan	nan	0.10829635201203469	nan	nan	nan	nan	nan	0.04166666666666652	0.31375255623721887	nan	nan	nan	nan	nan	1.0	0.1874729398181556	0.20403196422208036	nan	nan	nan	nan	nan	nan	nan	nan	nan	nan	nan	nan	nan	nan	nan	nan	nan	nan	nan	nan	0.1139096096711717	nan	nan	nan	nan	nan	1.0	0.1441994599323554	0.3568936404641065	0.5156389008717319	nan	nan	nan	nan	nan	nan	nan	nan	nan	nan	nan	nan	nan	nan	nan	0.2535798425719878	nan	nan	nan	nan	nan	0.2823377300768078	nan	nan	nan	nan	nan	0.11689520100256123	0.47007180461154785	nan	nan	nan	nan	nan	1.0	0.4300215016126344	0.5	0.6282051282051282	nan	nan	nan	nan	nan	nan	nan	nan	nan	nan	nan	nan	nan	nan	nan	0.6	nan	nan	nan	nan	nan	0.43999999999999995	nan	nan	nan	nan	nan	0.5	0.5	nan	nan	nan	nan	nan	1.0	0.3846153846153846	0	0	0	0	0	0	0	0	0	0	0	0	0	0	0	0	0	0	0	0	12	0	0	0	0	0	3	13	86	247	77	0	0	0	0	0	410	78	181	50	57	44
einmünden	1.054054054054054	-0.7422202797202795	nan	nan	nan	nan	nan	nan	nan	nan	nan	nan	-0.6425170068027213	nan	nan	nan	nan	-0.6527777777777779	nan	nan	nan	nan	nan	-0.7422202797202795	nan	nan	nan	nan	-0.6425170068027213	-0.6527777777777779	nan	nan	nan	nan	nan	nan	nan	nan	-0.1716269986671457	nan	nan	nan	nan	nan	nan	nan	nan	nan	nan	nan	nan	nan	nan	nan	nan	nan	nan	nan	-0.025991452450111252	-0.20806413543211777	nan	nan	nan	nan	nan	nan	nan	-0.316227766016838	-0.316227766016838	nan	nan	nan	nan	nan	nan	nan	nan	nan	nan	-0.316227766016838	nan	nan	nan	nan	nan	nan	nan	nan	nan	nan	-0.2721655269759087	nan	nan	nan	nan	-0.316227766016838	nan	nan	nan	nan	nan	nan	nan	nan	nan	0.09999999999999998	0.08333333333333331	nan	nan	nan	nan	nan	nan	nan	nan	nan	nan	0.16666666666666663	nan	nan	nan	nan	0.0	nan	nan	nan	nan	nan	0.09999999999999998	nan	nan	nan	nan	0.16666666666666663	0.0	nan	nan	nan	nan	nan	nan	nan	nan	0	0	0	0	0	0	0	0	0	0	0	0	0	0	0	0	0	0	0	6	4	0	0	0	0	0	0	0	0	140	29	26	0	0	0	0	195	0	104	47	44	0
eintreten	1.0672645739910314	0.707502059119612	nan	nan	nan	nan	nan	nan	nan	nan	nan	nan	nan	nan	nan	nan	nan	0.1931034482758619	nan	nan	nan	nan	nan	0.7704590818363273	nan	nan	nan	nan	nan	0.35526315789473684	0.8910550458715596	nan	nan	nan	nan	nan	0.0	0.9904360056258791	0.4910243972901127	nan	nan	nan	nan	nan	nan	nan	nan	nan	nan	nan	nan	nan	nan	nan	nan	nan	nan	nan	nan	0.15875585794723523	nan	nan	nan	nan	nan	-0.1190182561232851	0.9808809663619221	0.9964946220719721	0.997468338163091	nan	nan	nan	nan	nan	nan	nan	nan	nan	nan	nan	nan	nan	nan	nan	1.0	nan	nan	nan	nan	nan	0.8584084420669543	nan	nan	nan	nan	nan	1.0	0.8929401954728154	nan	nan	nan	nan	nan	nan	0.994936676326182	0.5714285714285714	0.2962962962962963	nan	nan	nan	nan	nan	nan	nan	nan	nan	nan	nan	nan	nan	nan	nan	0.0	nan	nan	nan	nan	nan	0.6153846153846154	nan	nan	nan	nan	nan	0.0	0.8	nan	nan	nan	nan	nan	0.0	0.8888888888888888	0	0	0	0	0	0	0	0	0	0	0	0	0	0	0	0	0	0	0	0	4	0	0	0	0	0	1	9	51	121	66	0	0	0	0	0	238	120	55	13	39	11
erlauben	1.0866425992779782	0.07663581750284132	0.11686991869918706	0.033988239450837954	-0.34408602150537626	0.3205882352941176	0.0	0.0	0.32410230352303526	1.0	0.15885132679025793	0.0	nan	nan	nan	nan	nan	-0.32499999999999996	nan	-0.19736842105263142	-0.5	0.25	nan	nan	nan	nan	nan	nan	nan	nan	nan	nan	nan	nan	nan	nan	nan	nan	0.28848734845235213	-0.0008969953193569413	0.5327178712639409	0.4309003191039684	1.0	0.40324052903376184	0.41499539061523716	nan	nan	nan	nan	nan	-0.07882549916076864	0.08150045481273838	0.5407502274063691	nan	nan	nan	nan	nan	nan	nan	nan	nan	nan	nan	nan	nan	nan	0.3987038720436556	0.27503312684482795	0.3198010745334156	0.5244438218856711	0.0	0.42640143271122083	nan	nan	0.520560651229414	0.9999999999999999	0.5586690532964137	nan	nan	nan	nan	nan	nan	-0.015873015873015872	nan	0.8164965809277261	-0.9999999999999999	nan	nan	nan	nan	nan	nan	nan	nan	nan	nan	nan	nan	nan	nan	nan	nan	nan	0.29166666666666663	0.291005291005291	0.5	0.25	0.33333333333333337	0.33333333333333337	0.0	0.5	0.33333333333333337	1.0	0.2857142857142857	0.0	nan	nan	nan	nan	nan	0.125	nan	0.0	0.5	0.0	nan	nan	nan	nan	nan	nan	nan	nan	nan	nan	nan	nan	nan	nan	nan	nan	3	1	2	2	7	1	0	0	0	0	0	4	2	2	0	0	0	0	0	0	0	0	0	0	0	0	0	0	0	0	50	0	108	37	79	27	301	26	54	117	102	2
erringen	1.1322869955156951	0.08444270211514826	0.6478607382550335	-0.310759346473632	-0.375	0.125	nan	0.0	0.05886426592797789	nan	0.0	nan	nan	nan	nan	nan	nan	-0.4285714285714286	nan	-0.5833333333333333	nan	0.0	nan	0.31178346161327064	0.711111111111111	-0.5833333333333333	nan	0.2663888888888889	nan	0.0	-0.4977305033275181	nan	-0.5591397849462365	0.0	-0.6527777777777779	nan	nan	-0.5	0.3277336259593172	0.19075382373666872	nan	0.41499539061523716	nan	0.04903035091696961	1.0	nan	nan	nan	nan	nan	-0.5373896197836296	nan	0.41499539061523716	nan	0.8680283351396882	-0.2897616788584987	1.0	0.5855852507124732	nan	0.4102774080171523	1.0	-0.9061786621060641	0.41499539061523716	-0.41077180659485135	nan	1.0	0.04697617336760351	0.517684280658714	0.5495761500609401	0.7454128010052142	0.4564354645876384	nan	0.0	nan	nan	0.15954480704349314	nan	nan	nan	nan	nan	nan	nan	nan	nan	nan	nan	nan	nan	nan	0.3764279732566361	0.7302967433402214	nan	nan	0.36885555678165877	nan	nan	nan	nan	nan	nan	nan	nan	nan	nan	0.3275862068965517	0.3642857142857143	0.6666666666666667	nan	0.25	0.5	nan	0.0	nan	nan	0.0	1.0	nan	nan	nan	nan	nan	0.2857142857142857	nan	0.0	nan	0.0	nan	nan	0.8571428571428572	0.0	1.0	0.30000000000000004	nan	0.5	nan	1.0	0.0	0.0	0.0	nan	1.0	0.2857142857142857	4	0	1	0	1	1	0	0	0	0	0	3	0	1	0	7	3	1	10	0	2	1	3	1	4	0	1	14	58	236	23	0	70	19	70	29	505	13	28	263	170	31
finnisch	1.0769230769230769	-0.5525289661319073	nan	nan	nan	nan	nan	nan	nan	nan	nan	nan	nan	nan	nan	nan	nan	-0.6962818588571713	nan	nan	nan	nan	nan	-0.5621229224241955	nan	nan	nan	nan	nan	-0.701693469785575	0.08333333333333348	nan	nan	nan	nan	nan	0.0	0.11388888888888882	-0.4115528727216222	nan	nan	nan	nan	nan	nan	nan	nan	nan	nan	nan	nan	nan	nan	nan	nan	nan	nan	nan	nan	-0.5522609117587634	nan	nan	nan	nan	nan	0.4102774080171523	0.18984883840379563	0.5000000000000001	0.5000000000000001	nan	nan	nan	nan	nan	nan	nan	nan	nan	nan	nan	nan	nan	nan	nan	nan	nan	nan	nan	nan	nan	0.24054811013849348	nan	nan	nan	nan	nan	nan	0.223606797749979	nan	nan	nan	nan	nan	nan	0.5000000000000001	0.18518518518518517	0.3128654970760234	nan	nan	nan	nan	nan	nan	nan	nan	nan	nan	nan	nan	nan	nan	nan	nan	nan	nan	nan	nan	nan	nan	nan	nan	nan	nan	nan	0.10526315789473684	0.5	nan	nan	nan	nan	nan	0.5	0.33333333333333337	0	0	0	0	0	0	0	0	0	0	0	0	0	0	0	0	0	0	0	0	19	0	0	0	0	0	2	6	34	266	78	0	0	0	0	0	378	0	170	70	108	30
Fischerei	1.0789473684210527	-0.0009504060825988869	0.0	-0.04562612834400137	nan	-0.2716666666666667	0.0	0.0	0.0979199717962278	nan	0.07899921197793547	0.0	nan	nan	nan	nan	nan	-0.2749999999999999	nan	-0.41666666666666696	0.0	nan	nan	nan	nan	nan	nan	nan	nan	nan	nan	nan	nan	nan	nan	nan	nan	nan	0.14622696155098303	nan	0.41499539061523716	0.5327178712639409	1.0	0.21138176119425922	0.04903035091696961	nan	nan	nan	nan	1.0	-0.20923297708130129	0.41499539061523716	1.0	nan	nan	nan	nan	nan	nan	nan	nan	nan	nan	nan	nan	nan	nan	0.05812381937190965	0.05812381937190965	nan	0.03956959627467452	nan	-0.5000000000000001	nan	nan	0.11061080691706228	nan	0.05812381937190965	nan	nan	nan	nan	nan	nan	nan	nan	nan	nan	nan	nan	nan	nan	nan	nan	nan	nan	nan	nan	nan	nan	nan	nan	nan	nan	nan	0.44444444444444453	0.3950617283950617	0.6666666666666667	0.41666666666666663	nan	0.0	0.0	0.0	0.5833333333333333	1.0	0.5555555555555556	0.0	nan	nan	nan	nan	nan	0.4	1.0	0.0	0.0	1.0	nan	nan	nan	nan	nan	nan	nan	nan	nan	nan	nan	nan	nan	nan	nan	nan	0	1	1	1	9	1	0	0	0	0	1	2	1	1	0	0	0	0	0	0	0	0	0	0	0	0	0	0	0	0	22	0	105	26	60	33	246	15	27	84	111	9
Formgebung	1.1853281853281854	0.5293909783107703	0.31856540084388185	0.5035449031331922	0.4983333333333334	0.7227667729759779	0.0	0.0	0.4321336156198541	nan	-0.3664383561643836	0.0	nan	nan	nan	nan	nan	0.5141752577319587	nan	-0.41666666666666696	nan	nan	nan	0.6245945515942829	0.5324074074074074	0.5969686943823301	0.8405934343434344	0.593319137609795	nan	0.9642857142857143	0.3338788870703764	nan	-0.41666666666666696	0.0	0.05714285714285705	nan	0.0	-0.030000000000000027	0.6133585631341911	0.623977359174894	0.41499539061523716	-0.1190182561232851	nan	-0.10798577112039465	0.4102774080171523	nan	nan	nan	nan	nan	-1.353087675523696	1.0	nan	nan	0.7964157021787298	0.592491635801037	0.8739739084548628	0.7528164470940208	nan	0.9745946039363218	nan	-0.7511612752935102	0.5327178712639409	0.40895642263548726	nan	0.41499539061523716	0.3360410251287187	0.557137720839529	0.5547797275494274	0.37668540175044196	0.7227633323004828	0.5773502691896257	0.7536922104227615	nan	nan	0.43627183624620286	nan	0.2721655269759087	nan	nan	nan	nan	nan	nan	0.6806139097297725	nan	nan	nan	nan	nan	0.6286875483611333	0.5656854249492381	0.6608186004550898	0.841879982397672	0.5850098009747078	nan	1.0	0.5875459038169235	nan	nan	nan	0.316227766016838	nan	nan	0.17388017698576702	0.49425287356321834	0.361361014994233	nan	nan	0.25	0.5384615384615384	0.0	0.0	nan	nan	0.25	0.5	nan	nan	nan	nan	nan	0.5714285714285714	nan	0.0	1.0	nan	nan	nan	0.6666666666666667	0.5882352941176471	0.75	0.5882352941176471	nan	0.75	nan	nan	0.0	0.0	0.5	nan	0.0	0.30000000000000004	4	1	1	0	4	2	0	0	0	0	0	2	1	0	0	6	17	8	17	0	4	0	2	1	6	0	1	10	47	308	17	0	96	27	84	35	614	23	111	207	202	71
freigelaßen	1.1382978723404256	0.601899397017249	nan	nan	nan	nan	nan	nan	nan	nan	nan	nan	nan	nan	nan	nan	nan	0.6349836204953949	nan	nan	nan	nan	nan	0.5820787510697742	nan	nan	nan	nan	nan	0.5803453947368421	0.6384324135759927	nan	nan	nan	nan	nan	0.6857142857142857	0.5698129621574597	0.5991436789271383	nan	nan	nan	nan	nan	nan	nan	nan	nan	nan	nan	nan	nan	nan	nan	nan	nan	nan	nan	nan	0.5756080152281702	nan	nan	nan	nan	nan	0.6899857369693039	0.5841096561244942	0.7182524636269766	0.7184607718947138	nan	nan	nan	nan	nan	nan	nan	nan	nan	nan	nan	nan	nan	nan	nan	0.7295816855775072	nan	nan	nan	nan	nan	0.728404493397045	nan	nan	nan	nan	nan	0.6990445371552249	0.7319147026405296	nan	nan	nan	nan	nan	0.7071067811865475	0.7492309973423689	0.43333333333333335	0.5391414141414141	nan	nan	nan	nan	nan	nan	nan	nan	nan	nan	nan	nan	nan	nan	nan	nan	nan	nan	nan	nan	nan	0.41509433962264153	nan	nan	nan	nan	nan	0.375	nan	nan	nan	nan	nan	nan	0.8333333333333334	0.40909090909090906	0	0	0	0	0	0	0	0	0	0	0	0	0	0	0	0	0	0	0	0	32	0	0	0	0	0	6	22	81	357	97	0	0	0	0	0	535	78	66	143	239	9
freistehend	1.1327231121281465	0.40573738594810826	nan	nan	nan	nan	nan	nan	nan	nan	nan	nan	0.6731190958164642	nan	nan	nan	nan	0.2707336523125997	nan	nan	nan	nan	0.889795918367347	0.39435612041718937	nan	nan	nan	nan	0.6507936507936507	0.25448176700930014	0.3470866141732284	nan	nan	nan	nan	0.0	-0.2716666666666665	0.44803363634048843	0.4952468195749513	nan	nan	nan	nan	nan	nan	nan	nan	nan	nan	nan	nan	nan	nan	0.9103901084133226	nan	nan	nan	nan	0.7182481715308164	0.41301411407266586	nan	nan	nan	nan	0.3857400865477987	0.1090117857302716	0.5265042547249527	0.6186688390614687	0.711929564033328	nan	nan	nan	nan	nan	nan	nan	nan	nan	nan	0.675587093351875	nan	nan	nan	nan	0.2531193216903434	nan	nan	nan	nan	0.9166666666666666	0.5850956064468505	nan	nan	nan	nan	0.894427190999916	0.2741249873151301	0.8101806552022376	nan	nan	nan	nan	nan	0.5773502691896257	0.8970787059953017	0.4754098360655738	0.47397660818713455	nan	nan	nan	nan	nan	nan	nan	nan	nan	nan	0.6666666666666667	nan	nan	nan	nan	nan	nan	nan	nan	nan	0.8	nan	nan	nan	nan	nan	0.5	0.6666666666666667	0.24	nan	nan	nan	nan	0.6666666666666667	0.0	0.21052631578947367	0	0	0	0	0	0	0	0	0	0	0	0	0	0	5	0	0	0	0	6	24	0	0	0	0	3	4	19	58	272	128	37	0	0	0	0	495	50	195	132	113	5
geehrt	1.0271493212669682	-0.7416666666666667	nan	nan	nan	nan	nan	nan	nan	nan	nan	nan	nan	nan	nan	nan	nan	-0.7416666666666671	nan	nan	nan	nan	nan	-0.7416666666666671	nan	nan	nan	nan	nan	-0.7416666666666667	nan	nan	nan	nan	nan	nan	nan	nan	-0.3489692852506301	nan	nan	nan	nan	nan	nan	nan	nan	nan	nan	nan	nan	nan	nan	nan	nan	nan	nan	nan	nan	-0.3489692852506301	nan	nan	nan	nan	nan	nan	nan	0.0	nan	nan	nan	nan	nan	nan	nan	nan	nan	nan	nan	nan	nan	nan	nan	nan	nan	nan	nan	nan	nan	nan	nan	nan	nan	nan	nan	nan	nan	nan	nan	nan	nan	nan	nan	nan	nan	0.0	0.0	nan	nan	nan	nan	nan	nan	nan	nan	nan	nan	nan	nan	nan	nan	nan	0.0	nan	nan	nan	nan	nan	0.0	nan	nan	nan	nan	nan	0.0	nan	nan	nan	nan	nan	nan	nan	nan	0	0	0	0	0	0	0	0	0	0	0	0	0	0	0	0	0	0	0	0	6	0	0	0	0	0	0	0	0	185	42	0	0	0	0	0	227	0	45	74	102	6
gelagert	1.0909090909090908	0.37031840604779287	nan	nan	nan	nan	nan	nan	nan	nan	nan	nan	nan	nan	nan	nan	nan	0.17465344423117946	nan	nan	nan	nan	nan	0.4238683127572017	nan	nan	nan	nan	nan	0.1215277777777779	0.30279661016949144	nan	nan	nan	nan	nan	0.3055555555555556	0.19925788497217067	0.5535338248152071	nan	nan	nan	nan	nan	nan	nan	nan	nan	nan	nan	nan	nan	nan	nan	nan	nan	nan	nan	nan	0.5485583930802037	nan	nan	nan	nan	nan	0.6014771560964249	0.3421453641776512	0.5299229592344628	0.4920053440093393	nan	nan	nan	nan	nan	nan	nan	nan	nan	nan	nan	nan	nan	nan	nan	0.4589483766387312	nan	nan	nan	nan	nan	0.7526178090063816	nan	nan	nan	nan	nan	0.5345224838248488	0.37608572984158306	nan	nan	nan	nan	nan	0.2721655269759087	0.6693280212272605	0.4782608695652174	0.5119047619047619	nan	nan	nan	nan	nan	nan	nan	nan	nan	nan	nan	nan	nan	nan	nan	nan	nan	nan	nan	nan	nan	0.4444444444444444	nan	nan	nan	nan	nan	0.5	nan	nan	nan	nan	nan	nan	0.75	0.2857142857142857	0	0	0	0	0	0	0	0	0	0	0	0	0	0	0	0	0	0	0	0	12	0	0	0	0	0	4	7	56	248	68	0	0	0	0	0	372	1	195	57	66	53
gewahren	1.0851063829787233	0.6119676945668135	nan	nan	nan	nan	nan	nan	nan	nan	nan	nan	nan	nan	nan	nan	nan	0.358820614469772	nan	nan	nan	nan	nan	0.5242431782367091	nan	nan	nan	nan	nan	0.2897727272727273	0.9212121212121213	nan	nan	nan	nan	nan	1.0	0.8786531986531987	0.31579479639963437	nan	nan	nan	nan	nan	nan	nan	nan	nan	nan	nan	nan	nan	nan	nan	nan	nan	nan	nan	nan	-0.56431964042688	nan	nan	nan	nan	nan	1.0	0.8716266711414882	0.7790624863216674	0.8111445227953556	nan	nan	nan	nan	nan	nan	nan	nan	nan	nan	nan	nan	nan	nan	nan	0.5570860145311556	nan	nan	nan	nan	nan	0.5795918367346938	nan	nan	nan	nan	nan	0.5405899027195887	0.9314612688366958	nan	nan	nan	nan	nan	1.0	0.8928436656664785	0.7142857142857142	0.7592592592592592	nan	nan	nan	nan	nan	nan	nan	nan	nan	nan	nan	nan	nan	nan	nan	0.6	nan	nan	nan	nan	nan	0.6	nan	nan	nan	nan	nan	0.5	0.8181818181818181	nan	nan	nan	nan	nan	1.0	0.7777777777777778	0	0	0	0	0	0	0	0	0	0	0	0	0	0	0	0	0	0	0	0	8	0	0	0	0	0	4	9	53	208	45	0	0	0	0	0	306	137	26	36	40	67
greifend	1.0372340425531914	0.8655347384855582	nan	nan	nan	nan	nan	nan	nan	nan	nan	nan	0.8813953488372093	nan	nan	nan	nan	1.0	nan	nan	nan	nan	nan	0.6819999999999999	nan	nan	nan	nan	0.5707070707070707	1.0	nan	nan	nan	nan	nan	nan	nan	nan	0.8605646795909375	nan	nan	nan	nan	nan	nan	nan	nan	nan	nan	nan	nan	nan	nan	1.0	nan	nan	nan	nan	0.5682580016571952	1.0	nan	nan	nan	nan	nan	nan	nan	0.7	0.75	nan	nan	nan	nan	nan	nan	nan	nan	nan	nan	0.8749999999999999	nan	nan	nan	nan	1.0	nan	nan	nan	nan	nan	0.6488856845230502	nan	nan	nan	nan	0.5	0.9999999999999999	nan	nan	nan	nan	nan	nan	nan	nan	0.7142857142857143	0.7777777777777778	nan	nan	nan	nan	nan	nan	nan	nan	nan	nan	0.6	nan	nan	nan	nan	1.0	nan	nan	nan	nan	1.0	0.6	nan	nan	nan	nan	0.33333333333333337	1.0	nan	nan	nan	nan	nan	nan	nan	nan	0	0	0	0	0	0	0	0	0	0	0	0	0	0	2	0	0	0	0	3	2	0	0	0	0	0	0	0	0	129	43	23	0	0	0	0	195	6	100	43	30	16
Handhabe	1.0946372239747635	0.7288203206979387	nan	nan	nan	nan	nan	nan	nan	nan	nan	nan	0.6265432098765433	nan	nan	nan	nan	0.7284389251520966	nan	nan	nan	nan	-0.5	0.7660384031288356	nan	nan	nan	nan	1.0	0.6994417382737672	0.5947967429523164	nan	nan	nan	nan	0.0	0.55	0.7136699507389163	0.6201811702999859	nan	nan	nan	nan	nan	nan	nan	nan	nan	nan	nan	nan	nan	nan	-0.6785273841849278	nan	nan	nan	nan	1.0	0.6153384579698207	nan	nan	nan	nan	0.04903035091696961	0.6184679650121769	0.679005089541207	0.7711986700345208	0.7801348402754751	nan	nan	nan	nan	nan	nan	nan	nan	nan	nan	0.8485281374238571	nan	nan	nan	nan	0.812940724289831	nan	nan	nan	nan	nan	0.8097271187412733	nan	nan	nan	nan	1.0	0.7860164007056201	0.6378509737660509	nan	nan	nan	nan	nan	0.49999999999999994	0.8345229603962802	0.4666666666666667	0.40492424242424246	nan	nan	nan	nan	nan	nan	nan	nan	nan	nan	0.5	nan	nan	nan	nan	nan	nan	nan	nan	nan	0.0	nan	nan	nan	nan	nan	1.0	0.4545454545454546	0.46153846153846156	nan	nan	nan	nan	0.0	0.6	0.375	0	0	0	0	0	0	0	0	0	0	0	0	0	0	2	0	0	0	0	3	11	0	0	0	0	1	5	8	58	184	81	24	0	0	0	0	347	71	116	65	84	11
Hauptfrage	1.086734693877551	0.15469534050179212	0.05899705014749257	0.1990358126721763	0.0	0.0	nan	0.0	0.5854080221300137	nan	0.06944444444444442	nan	nan	nan	nan	nan	nan	-0.29220779220779214	-0.41666666666666696	-0.25	nan	nan	nan	nan	nan	nan	nan	nan	nan	nan	nan	nan	nan	nan	nan	nan	nan	nan	0.42297806499542256	0.5173694067951958	1.0	0.6681875630130736	1.0	0.5494603470607999	nan	nan	nan	nan	nan	-0.20923297708130129	0.20920799215362196	nan	1.0	nan	nan	nan	nan	nan	nan	nan	nan	nan	nan	nan	nan	nan	nan	0.05156684612641721	-0.21132486540518708	0.0	0.3015267274172205	nan	nan	nan	nan	0.7462025072446364	nan	0.5773502691896257	nan	nan	nan	nan	nan	nan	-0.35355339059327373	-0.9999999999999999	nan	nan	nan	nan	nan	nan	nan	nan	nan	nan	nan	nan	nan	nan	nan	nan	nan	nan	nan	0.5000000000000001	0.5937500000000001	nan	0.4545454545454546	0.6666666666666667	0.6666666666666667	1.0	0.5	nan	1.0	0.25	nan	nan	nan	nan	nan	nan	0.4285714285714286	0.0	0.33333333333333337	nan	1.0	nan	nan	nan	nan	nan	nan	nan	nan	nan	nan	nan	nan	nan	nan	nan	nan	3	1	2	1	4	0	0	0	0	0	2	3	0	2	0	0	0	0	0	0	0	0	0	0	0	0	0	0	0	0	21	0	76	17	52	47	213	0	17	96	92	8
helfen	1.0648148148148149	0.04766779062299298	0.7043010752688171	-0.43201376936316693	-0.5	nan	nan	nan	-0.13608374384236455	-0.25	-0.5032051282051282	nan	nan	nan	nan	nan	nan	0.0	nan	0.0	nan	nan	nan	nan	nan	nan	nan	nan	nan	nan	nan	nan	nan	nan	nan	nan	nan	nan	-0.2952063406542884	-0.6785273841849278	nan	nan	0.20920799215362196	-1.1546596531024877	1.0	nan	nan	nan	nan	1.0	-1.4017335216136129	nan	nan	nan	nan	nan	nan	nan	nan	nan	nan	nan	nan	nan	nan	nan	nan	0.11562872525121462	0.03867513459481281	0.7333333333333335	0.5291502622129182	nan	nan	nan	nan	0.07132674875181882	-0.5000000000000001	0.5773502691896257	nan	nan	nan	nan	nan	nan	nan	nan	nan	nan	nan	nan	nan	nan	nan	nan	nan	nan	nan	nan	nan	nan	nan	nan	nan	nan	nan	0.25	0.3888888888888889	0.33333333333333337	0.0	0.0	1.0	nan	nan	0.25	0.33333333333333337	0.0	1.0	nan	nan	nan	nan	nan	0.5	1.0	0.0	nan	nan	nan	nan	nan	nan	nan	nan	nan	nan	nan	nan	nan	nan	nan	nan	nan	nan	2	0	0	3	4	1	0	0	0	0	1	1	0	0	0	0	0	0	0	0	0	0	0	0	0	0	0	0	0	0	24	0	88	31	52	35	230	18	24	71	95	22
hinrichten	1.0225563909774436	0.9266666666666666	nan	nan	nan	nan	nan	nan	nan	nan	nan	nan	nan	nan	nan	nan	nan	0.9266666666666666	nan	nan	nan	nan	nan	0.9266666666666666	nan	nan	nan	nan	nan	0.9266666666666666	nan	nan	nan	nan	nan	nan	nan	nan	0.9048080233147829	nan	nan	nan	nan	nan	nan	nan	nan	nan	nan	nan	nan	nan	nan	nan	nan	nan	nan	nan	nan	0.9048080233147829	nan	nan	nan	nan	nan	nan	nan	1.0	1.0	nan	nan	nan	nan	nan	nan	nan	nan	nan	nan	nan	nan	nan	nan	nan	1.0	nan	nan	nan	nan	nan	1.0	nan	nan	nan	nan	nan	1.0	nan	nan	nan	nan	nan	nan	nan	nan	0.6666666666666667	0.6666666666666667	nan	nan	nan	nan	nan	nan	nan	nan	nan	nan	nan	nan	nan	nan	nan	0.6666666666666667	nan	nan	nan	nan	nan	0.6666666666666667	nan	nan	nan	nan	nan	0.6666666666666667	nan	nan	nan	nan	nan	nan	nan	nan	0	0	0	0	0	0	0	0	0	0	0	0	0	0	0	0	0	0	0	0	6	0	0	0	0	0	0	0	0	237	35	0	0	0	0	0	272	43	4	2	223	0
hochwichtig	1.2153846153846153	0.04152070030024946	0.031194295900178304	0.24408388971495765	nan	-0.4059829059829063	nan	0.0	0.06682441279513052	-0.25	-0.21111111111111103	-0.25	nan	nan	nan	nan	nan	-0.08241758241758235	nan	nan	nan	0.0	nan	-0.036582014015498876	-0.04938271604938271	0.21474358974358976	0.0	0.06722689075630262	nan	0.0	-0.22467887357084027	0.0	0.0	-0.25	0.3928571428571428	nan	nan	-0.5909090909090908	0.3892191019661797	1.0	nan	0.6681875630130736	0.20920799215362196	0.2569017255455933	0.461691905188753	nan	nan	nan	nan	1.0	nan	nan	0.41499539061523716	nan	0.38610627410240916	0.5518186826647691	0.8303126349592818	0.4920371976265895	nan	0.4102774080171523	0.5173694067951958	0.7070429617105636	0.461691905188753	0.658780851673394	nan	1.0	-0.00762091002898746	0.259284458487093	0.17902849698247797	0.01573750290449529	0.2934192799200352	nan	nan	nan	nan	0.14314748693971047	nan	-0.2834733547569204	nan	nan	nan	nan	nan	nan	nan	nan	nan	nan	nan	nan	0.20018870373864628	-0.09999999999999999	0.42779263194649864	nan	0.35082320772281167	nan	nan	0.16890390323651058	nan	nan	nan	0.5	nan	nan	nan	0.5409836065573771	0.5764619883040936	nan	nan	1.0	nan	nan	0.5	nan	0.33333333333333337	0.5555555555555556	0.33333333333333337	nan	nan	nan	nan	nan	nan	1.0	nan	nan	0.0	nan	nan	0.4444444444444444	0.6	0.75	0.5263157894736843	nan	0.5	nan	0.6666666666666667	0.8333333333333334	0.33333333333333337	0.7777777777777778	nan	1.0	0.2222222222222222	1	0	2	3	9	3	0	0	0	0	2	0	0	1	0	9	25	4	19	0	2	3	6	3	9	0	3	18	109	271	17	0	74	26	96	39	632	0	2	277	336	17
Kölner	1.1278195488721805	-0.023798770408769876	0.1785947712418301	-0.1608969490333687	0.018174133558748973	1.0	nan	nan	-0.0262826865899215	0.5925925925925926	-0.28076762619941587	nan	nan	nan	nan	nan	nan	-0.375	nan	-0.40000000000000013	nan	0.0	nan	nan	nan	nan	nan	nan	nan	nan	nan	nan	nan	nan	nan	nan	nan	nan	0.2852557926480461	0.4081029553957587	nan	1.0	0.7597426477106917	-0.012877288277313825	1.0	nan	nan	nan	nan	nan	0.11102603862097771	nan	0.4102774080171523	nan	nan	nan	nan	nan	nan	nan	nan	nan	nan	nan	nan	nan	nan	0.07996522547998722	0.2100679690416174	0.24561665274763406	0.00392184004445843	0.21942686286812774	1.0	nan	nan	0.006388414647848213	0.632455532033676	-0.22167848777695157	nan	nan	nan	nan	nan	nan	nan	nan	nan	nan	nan	nan	nan	nan	nan	nan	nan	nan	nan	nan	nan	nan	nan	nan	nan	nan	nan	0.5434782608695652	0.6476513682396036	0.6111111111111112	0.4571428571428572	0.5384615384615384	1.0	nan	1.0	0.5384615384615384	0.8333333333333334	0.4117647058823529	1.0	nan	nan	nan	nan	nan	0.33333333333333337	nan	0.25	nan	0.5	nan	nan	nan	nan	nan	nan	nan	nan	nan	nan	nan	nan	nan	nan	nan	nan	13	0	2	6	17	2	0	0	0	0	0	4	0	2	0	0	0	0	0	0	0	0	0	0	0	0	0	0	0	0	25	0	126	35	195	69	450	2	18	147	255	28
Kompanie	1.1241610738255035	0.591834635952283	0.7050382653061225	0.45061669603314447	0.7962328767123288	0.6120331950207468	nan	0.5445205479452054	0.6979288025889968	1.0	0.5493780147245495	0.0	nan	nan	nan	nan	nan	-0.08241758241758235	nan	-0.1607142857142858	nan	nan	nan	nan	nan	nan	nan	nan	nan	nan	nan	nan	nan	nan	nan	nan	nan	nan	0.5896870445984088	0.7888712942698899	1.0	0.5280652460150479	1.0	0.5642951344832595	0.6681875630130736	nan	nan	nan	nan	nan	0.021188174314040964	nan	1.0	nan	nan	nan	nan	nan	nan	nan	nan	nan	nan	nan	nan	nan	nan	0.7278489751005822	0.7989364154973864	0.6855106213838523	0.4864409050464392	0.7777777777777779	0.7302967433402215	nan	0.8164965809277261	0.7088869498296734	1.0	0.6014713032840415	nan	nan	nan	nan	nan	nan	nan	nan	nan	nan	nan	nan	nan	nan	nan	nan	nan	nan	nan	nan	nan	nan	nan	nan	nan	nan	nan	0.5714285714285714	0.6514423076923077	0.75	nan	0.5	0.5	1.0	0.25	nan	1.0	0.46153846153846156	0.5	nan	nan	nan	nan	nan	0.7142857142857143	nan	0.5	nan	1.0	nan	nan	nan	nan	nan	nan	nan	nan	nan	nan	nan	nan	nan	nan	nan	nan	4	1	4	4	13	2	0	0	0	0	0	4	0	3	0	0	0	0	0	0	0	0	0	0	0	0	0	0	0	0	30	0	122	24	124	35	335	23	46	46	200	20
Königreich	1.0141843971631206	-0.5	nan	nan	nan	nan	nan	nan	nan	nan	nan	nan	nan	nan	nan	nan	nan	-0.5	nan	nan	nan	nan	nan	-0.5	nan	nan	nan	nan	nan	-0.5	nan	nan	nan	nan	nan	nan	nan	nan	0.12249308592285568	nan	nan	nan	nan	nan	nan	nan	nan	nan	nan	nan	nan	nan	nan	nan	nan	nan	nan	nan	nan	0.12249308592285568	nan	nan	nan	nan	nan	nan	nan	0.0	nan	nan	nan	nan	nan	nan	nan	nan	nan	nan	nan	nan	nan	nan	nan	nan	nan	nan	nan	nan	nan	nan	nan	nan	nan	nan	nan	nan	nan	nan	nan	nan	nan	nan	nan	nan	nan	0.0	0.0	nan	nan	nan	nan	nan	nan	nan	nan	nan	nan	nan	nan	nan	nan	nan	0.0	nan	nan	nan	nan	nan	0.0	nan	nan	nan	nan	nan	0.0	nan	nan	nan	nan	nan	nan	nan	nan	0	0	0	0	0	0	0	0	0	0	0	0	0	0	0	0	0	0	0	0	2	0	0	0	0	0	0	0	0	96	47	0	0	0	0	0	143	0	8	44	85	6
Kriegskunst	1.1991869918699187	-0.001402530069693153	0.357192254495159	0.24653491436100128	0.0	0.4444444444444444	nan	nan	0.09191136617248541	nan	nan	nan	nan	nan	nan	nan	nan	-0.12428571428571433	nan	nan	0.0	nan	nan	-0.2717013983846559	0.0	-0.37457604124270794	nan	-0.4880952380952379	nan	-0.2857142857142856	-0.24429572403880706	-0.16666666666666674	0.0	nan	-0.04166666666666674	nan	nan	-0.4411764705882353	0.33910131623664963	0.5327178712639409	nan	nan	1.0	1.0	1.0	nan	nan	nan	nan	nan	1.0	0.41499539061523716	1.0	nan	0.41499539061523716	0.14887305776823112	nan	0.09506318435295635	nan	0.20014189775358404	0.31199030935334426	0.5173694067951958	1.0	0.7142052024132626	nan	1.0	0.09291458931114605	-0.41142381361869995	-0.4081832313972712	0.3110855084191276	0.29776980308812595	nan	0.5000000000000001	nan	nan	0.10412172002259193	nan	nan	nan	nan	nan	nan	nan	nan	nan	nan	nan	nan	nan	nan	-0.15533789082078725	nan	-0.39036002917941326	nan	-0.4260064336151292	nan	nan	nan	nan	nan	nan	nan	nan	nan	nan	0.5164835164835164	0.6015183509301156	nan	nan	0.0	0.6666666666666667	nan	nan	nan	1.0	1.0	1.0	nan	nan	nan	nan	nan	nan	nan	1.0	0.0	1.0	nan	nan	0.0	0.2222222222222222	nan	0.23076923076923073	nan	0.4	nan	0.5	0.6666666666666667	1.0	0.8461538461538461	nan	1.0	0.36	1	0	0	1	2	1	0	0	0	0	0	1	1	2	0	1	9	0	13	0	5	4	3	1	13	0	8	25	170	211	22	0	90	19	50	28	590	3	13	186	342	46
Kunde	1.1075794621026895	0.9708106081056209	nan	nan	nan	nan	nan	nan	nan	nan	nan	nan	nan	nan	nan	nan	nan	0.9473082296736975	nan	nan	nan	nan	nan	0.9587811580796883	nan	nan	nan	nan	nan	0.8838350372333712	0.9924324324324324	nan	nan	nan	nan	nan	nan	0.987037037037037	0.9309038178276842	nan	nan	nan	nan	nan	nan	nan	nan	nan	nan	nan	nan	nan	nan	nan	nan	nan	nan	nan	nan	0.8287309360571773	nan	nan	nan	nan	nan	1.0	0.9680308012828497	0.9496228505805516	0.9485956235403066	nan	nan	nan	nan	nan	nan	nan	nan	nan	nan	nan	nan	nan	nan	nan	0.9581165311944375	nan	nan	nan	nan	nan	0.9665104305302515	nan	nan	nan	nan	nan	0.9085337689707491	0.9933992677987828	nan	nan	nan	nan	nan	nan	0.988657478109864	0.9090909090909091	0.9307017543859649	nan	nan	nan	nan	nan	nan	nan	nan	nan	nan	nan	nan	nan	nan	nan	0.875	nan	nan	nan	nan	nan	0.8974358974358975	nan	nan	nan	nan	nan	0.8421052631578947	0.96	nan	nan	nan	nan	nan	1.0	0.95	0	0	0	0	0	0	0	0	0	0	0	0	0	0	0	0	0	0	0	0	19	0	0	0	0	0	5	20	82	269	102	0	0	0	0	0	453	225	18	26	170	14
Lager	1.123913043478261	0.7403661370189656	nan	nan	nan	nan	nan	nan	nan	nan	nan	nan	0.5912108667035504	nan	nan	nan	nan	0.7116298164330538	nan	nan	nan	nan	0.25	0.7375941545501066	nan	nan	nan	nan	0.5563560339591191	0.7041032057643353	0.9592274678111588	nan	nan	nan	nan	0.0	nan	1.0	0.7324327857310413	nan	nan	nan	nan	nan	nan	nan	nan	nan	nan	nan	nan	nan	nan	0.5407502274063691	nan	nan	nan	nan	0.5599492354256643	0.7428165303022201	nan	nan	nan	nan	-0.1190182561232851	1.0	1.0	0.7492285183877445	0.8435828224878935	nan	nan	nan	nan	nan	nan	nan	nan	nan	nan	0.6428268312347211	nan	nan	nan	nan	0.8039546865729892	nan	nan	nan	nan	0.9999999999999999	0.7528070665578085	nan	nan	nan	nan	0.6034105409306019	0.7709207490209722	0.9660917830792959	nan	nan	nan	nan	nan	nan	1.0	0.5833333333333334	0.503968253968254	nan	nan	nan	nan	nan	nan	nan	nan	nan	nan	0.4782608695652174	nan	nan	nan	nan	0.47058823529411764	nan	nan	nan	nan	0.0	nan	nan	nan	nan	nan	0.5238095238095238	0.5	nan	nan	nan	nan	nan	0.0	1.0	1.0	0	0	0	0	0	0	0	0	0	0	0	0	0	0	2	0	0	0	0	21	14	0	0	0	0	1	1	9	37	353	50	77	0	0	0	0	517	67	230	79	70	71
Lebenslage	1.0391061452513966	-0.3138888888888889	nan	nan	nan	nan	nan	nan	nan	nan	nan	nan	-0.5	nan	nan	nan	nan	0.07638888888888884	nan	nan	nan	nan	nan	-0.3138888888888889	nan	nan	nan	nan	-0.5	0.07638888888888884	nan	nan	nan	nan	nan	nan	nan	nan	-0.20125861891850994	nan	nan	nan	nan	nan	nan	nan	nan	nan	nan	nan	nan	nan	nan	nan	nan	nan	nan	nan	-0.4264544736245457	0.2116275198440537	nan	nan	nan	nan	nan	nan	nan	0.5443310539518174	0.5443310539518174	nan	nan	nan	nan	nan	nan	nan	nan	nan	nan	nan	nan	nan	nan	nan	0.5443310539518174	nan	nan	nan	nan	nan	0.3098386676965934	nan	nan	nan	nan	nan	0.5443310539518174	nan	nan	nan	nan	nan	nan	nan	nan	0.16666666666666666	0.125	nan	nan	nan	nan	nan	nan	nan	nan	nan	nan	0.0	nan	nan	nan	nan	0.25	nan	nan	nan	nan	nan	0.16666666666666663	nan	nan	nan	nan	0.0	0.25	nan	nan	nan	nan	nan	nan	nan	nan	0	0	0	0	0	0	0	0	0	0	0	0	0	0	0	0	0	0	0	2	4	0	0	0	0	0	0	0	0	112	54	20	0	0	0	0	186	0	34	39	85	28
Losung	1.1145584725536992	0.6598644813998752	nan	nan	nan	nan	nan	nan	nan	nan	nan	nan	nan	nan	nan	nan	nan	0.5653783783783783	nan	nan	nan	nan	nan	0.6993534482758621	nan	nan	nan	nan	nan	0.5333333333333333	0.6799610615306216	nan	nan	nan	nan	nan	0.551835498467377	0.7969996140982762	0.3271293798612813	nan	nan	nan	nan	nan	nan	nan	nan	nan	nan	nan	nan	nan	nan	nan	nan	nan	nan	nan	nan	-0.20958841896143565	nan	nan	nan	nan	nan	0.3345163984905215	0.5771738767216504	0.6410299052225745	0.636406082734616	nan	nan	nan	nan	nan	nan	nan	nan	nan	nan	nan	nan	nan	nan	nan	0.5672927926658212	nan	nan	nan	nan	nan	0.6989582022857792	nan	nan	nan	nan	nan	0.5773502691896257	0.6750675174587486	nan	nan	nan	nan	nan	0.5428329934060372	0.7890349856081849	0.7647058823529411	0.7673453996983408	nan	nan	nan	nan	nan	nan	nan	nan	nan	nan	nan	nan	nan	nan	nan	0.7	nan	nan	nan	nan	nan	0.8125	nan	nan	nan	nan	nan	0.75	0.7586206896551724	nan	nan	nan	nan	nan	0.7058823529411764	0.8461538461538461	0	0	0	0	0	0	0	0	0	0	0	0	0	0	0	0	0	0	0	0	4	0	0	0	0	0	17	13	266	101	100	0	0	0	0	0	467	200	6	42	150	69
Mauer	1.1029411764705883	0.11738677306970802	-0.05392156862745079	0.16811242192921583	0.25	0.3762626262626263	nan	nan	0.48740284106137766	0.0	0.586021505376344	0.9	nan	nan	nan	nan	nan	-0.7171717171717171	0.0	-0.5833333333333333	-0.5833333333333333	-0.6666666666666667	nan	nan	nan	nan	nan	nan	nan	nan	nan	nan	nan	nan	nan	nan	nan	nan	0.1546979285477793	0.35981783566284053	nan	nan	0.04903035091696961	0.4938767000614933	0.9146296158275183	nan	nan	nan	nan	0.5327178712639409	-0.44760552385528674	-0.22633571386420925	0.024992317692061672	nan	nan	nan	nan	nan	nan	nan	nan	nan	nan	nan	nan	nan	nan	0.4980888584754729	0.43153962334567586	-0.5	0.7140627569864099	0.9999999999999999	0.6831300510639732	nan	nan	0.5288906028889905	nan	0.7833494518006401	0.9428090415820635	nan	nan	nan	nan	nan	-0.25	nan	nan	nan	-1.0	nan	nan	nan	nan	nan	nan	nan	nan	nan	nan	nan	nan	nan	nan	nan	nan	0.2608695652173913	0.15625	nan	0.2727272727272727	0.0	0.4285714285714286	nan	nan	nan	0.0	0.5	0.75	nan	nan	nan	nan	nan	0.11111111111111116	0.0	0.0	0.0	0.0	nan	nan	nan	nan	nan	nan	nan	nan	nan	nan	nan	nan	nan	nan	nan	nan	2	0	0	1	6	4	0	0	0	0	1	3	3	3	0	0	0	0	0	0	0	0	0	0	0	0	0	0	0	0	44	0	101	37	86	32	300	29	49	93	85	44
nebensächlich	1.0463917525773196	0.005698005698005715	-0.08000000000000007	-0.1607142857142858	0.0	nan	nan	nan	0.3125	0.125	nan	nan	nan	nan	nan	nan	nan	0.0	nan	0.0	nan	nan	nan	nan	nan	nan	nan	nan	nan	nan	nan	nan	nan	nan	nan	nan	nan	nan	0.26077692592872237	0.41499539061523716	nan	1.0	0.4881209667883324	1.0	nan	nan	nan	nan	nan	nan	-1.4017335216136129	nan	1.0	nan	nan	nan	nan	nan	nan	nan	nan	nan	nan	nan	nan	nan	nan	0.0	0.0	-0.16666666666666669	-0.3333333333333333	nan	nan	nan	nan	0.25000000000000006	0.0	nan	nan	nan	nan	nan	nan	nan	nan	nan	nan	nan	nan	nan	nan	nan	nan	nan	nan	nan	nan	nan	nan	nan	nan	nan	nan	nan	nan	0.5555555555555556	0.5833333333333334	0.4	0.5	0.0	1.0	nan	1.0	0.6666666666666667	0.5	1.0	nan	nan	nan	nan	nan	nan	0.5	nan	0.0	nan	1.0	nan	nan	nan	nan	nan	nan	nan	nan	nan	nan	nan	nan	nan	nan	nan	nan	1	0	1	4	1	0	0	0	0	0	0	1	0	1	0	0	0	0	0	0	0	0	0	0	0	0	0	0	0	0	14	0	77	14	69	29	203	8	14	77	101	3
neunjahrig	1.1016949152542372	0.7925510935604372	nan	nan	nan	nan	nan	nan	nan	nan	nan	nan	nan	nan	nan	nan	nan	0.7981770833333334	nan	nan	nan	nan	nan	0.7629941593344363	nan	nan	nan	nan	nan	0.7272727272727273	0.8420720361509835	nan	nan	nan	nan	nan	1.0	0.8114791288566243	0.8559778013421745	nan	nan	nan	nan	nan	nan	nan	nan	nan	nan	nan	nan	nan	nan	nan	nan	nan	nan	nan	nan	0.8044142540058314	nan	nan	nan	nan	nan	1.0	0.8708834845641069	0.8123350531447794	0.8445438890297248	nan	nan	nan	nan	nan	nan	nan	nan	nan	nan	nan	nan	nan	nan	nan	0.7916666666666669	nan	nan	nan	nan	nan	0.7639781001826174	nan	nan	nan	nan	nan	0.7142857142857143	0.8462605590407768	nan	nan	nan	nan	nan	1.0	0.8193459528034599	0.8888888888888888	0.9060606060606059	nan	nan	nan	nan	nan	nan	nan	nan	nan	nan	nan	nan	nan	nan	nan	0.875	nan	nan	nan	nan	nan	0.8709677419354839	nan	nan	nan	nan	nan	0.8181818181818181	0.92	nan	nan	nan	nan	nan	1.0	0.9	0	0	0	0	0	0	0	0	0	0	0	0	0	0	0	0	0	0	0	0	11	0	0	0	0	0	5	20	63	240	87	0	0	0	0	0	391	0	29	162	197	2
niederschlagen	1.13882863340564	0.6926983929378306	nan	nan	nan	nan	nan	nan	nan	nan	nan	nan	0.8786531986531987	nan	nan	nan	nan	0.4257366771159874	nan	nan	nan	nan	1.0	0.6519448300483348	nan	nan	nan	nan	0.7265625	-0.25	0.7870568993782672	nan	nan	nan	nan	0.6857142857142857	0.6527777777777777	0.7946855890565905	0.5381749057324511	nan	nan	nan	nan	nan	nan	nan	nan	nan	nan	nan	nan	nan	nan	1.0	nan	nan	nan	nan	0.5181949214980823	-0.5750851304267051	nan	nan	nan	nan	0.6069583818416324	0.5408934546447906	0.7010744547191374	0.5686542451842114	0.619699488981071	nan	nan	nan	nan	nan	nan	nan	nan	nan	nan	0.8925429942770247	nan	nan	nan	nan	0.4171474569353663	nan	nan	nan	nan	0.9999999999999999	0.6499021438494801	nan	nan	nan	nan	0.8164965809277261	-0.3	0.8048015748763446	nan	nan	nan	nan	0.7071067811865475	0.692820323027551	0.801773248744601	0.75	0.752991452991453	nan	nan	nan	nan	nan	nan	nan	nan	nan	nan	0.7777777777777778	nan	nan	nan	nan	nan	nan	nan	nan	nan	1.0	nan	nan	nan	nan	nan	0.5	0.5384615384615384	nan	nan	nan	nan	nan	0.8333333333333334	0.8461538461538461	0.8	0	0	0	0	0	0	0	0	0	0	0	0	0	0	2	0	0	0	0	4	13	0	0	0	0	6	13	30	196	240	69	20	0	0	0	0	525	290	147	30	56	2
nochmalig	1.219600725952813	0.24299849069260437	0.40164905338917933	0.38288455318169856	0.3125	0.1723984142715559	0.125	nan	0.08657958322212278	0.2857142857142858	-0.08000000000000007	nan	nan	nan	nan	nan	nan	-0.08241758241758235	nan	nan	nan	nan	nan	0.2435834054434739	0.2833333333333333	0.4409090909090909	-0.125	-0.16000000000000014	nan	-0.16666666666666674	-0.2776610644257702	-0.125	-0.16666666666666674	-0.5	0.0	nan	nan	-0.21052631578947367	0.5219817483077736	0.5650643956844921	0.4881209667883324	1.0	0.6260931563527419	0.36819502186445596	1.0	nan	nan	nan	nan	1.0	1.0	nan	1.0	nan	0.6053895252951513	0.6645337530073159	0.6979988147256432	0.3213946531136749	nan	0.31199030935334426	0.3989291777596793	0.31199030935334426	0.12249308592285568	0.4102774080171523	nan	nan	0.33991867953985666	0.27895251424964707	0.23288508616735296	0.3973704313603008	0.38837696608985034	0.25000000000000006	0.23211917272131483	0.0	nan	0.16263695746215368	0.43301270189221935	0.25	nan	nan	nan	nan	nan	nan	nan	nan	nan	nan	nan	nan	0.29143936961942946	0.369910174006524	0.42727272727272725	nan	-0.09999999999999999	nan	nan	nan	nan	nan	nan	nan	nan	nan	nan	0.6141732283464567	0.6510463220989537	nan	nan	0.6666666666666667	nan	0.5	1.0	nan	0.7692307692307692	0.4	1.0	nan	nan	nan	nan	nan	nan	1.0	1.0	nan	1.0	nan	nan	0.6363636363636364	0.7142857142857143	0.6	0.4	nan	0.5	nan	0.6	0.5	0.0	0.5	nan	nan	0.5833333333333333	6	4	1	13	5	1	0	0	0	0	2	1	0	2	0	22	21	5	15	0	4	5	4	2	2	0	0	12	63	252	24	0	80	24	96	133	672	0	1	251	396	24
preisgeben	1.1188405797101448	0.2877614395129615	-0.625	0.07499999999999996	nan	0.55	nan	0.0	0.2724144584512477	-0.5	nan	nan	nan	nan	nan	nan	nan	-0.2333333333333334	nan	nan	nan	-0.5	nan	0.36702567344160264	-0.4722222222222223	-0.08814102564102577	1.0	0.4872448979591837	nan	nan	0.38335125172784523	-0.41666666666666696	0.0	0.0	0.7777777777777778	nan	nan	0.2028124381065557	0.4582228167550213	nan	nan	0.5327178712639409	0.08150045481273838	nan	nan	nan	nan	nan	nan	nan	nan	1.0	0.12249308592285568	nan	0.07851493481554006	-0.11732448958926311	1.0	0.6851110058261785	nan	1.0	-0.03548354465610082	-0.1190182561232851	0.5327178712639409	0.8609079146891381	nan	nan	0.3049753951263511	0.19065979699562385	0.10764245934869084	-0.7694875639743056	0.3042903097250923	nan	0.7453559924999299	nan	nan	0.4542567625794979	-0.9999999999999999	nan	nan	nan	nan	nan	nan	nan	nan	nan	nan	nan	nan	nan	0.36548677287235604	-0.8660254037844387	-0.05555555555555556	0.9999999999999999	0.6440611887195306	nan	nan	0.4115508607123284	nan	nan	nan	0.8660254037844387	nan	nan	0.1649915822768611	0.46341463414634154	0.43042671614100186	0.2857142857142857	0.4	nan	0.6	nan	0.0	0.5384615384615384	0.5	nan	nan	nan	nan	nan	nan	nan	nan	nan	nan	1.0	0.0	nan	nan	0.33333333333333337	0.5	1.0	0.5714285714285714	nan	1.0	nan	0.0	0.0	0.0	0.6666666666666667	nan	nan	0.4545454545454546	0	0	1	2	0	0	0	0	0	0	0	0	1	2	0	3	4	2	7	0	1	2	1	1	3	0	0	11	58	143	24	0	62	19	52	28	386	22	137	112	100	15
Querschnitt	1.051660516605166	-0.2148760330578514	nan	nan	nan	nan	nan	nan	nan	nan	nan	nan	nan	nan	nan	nan	nan	-0.2148760330578514	nan	nan	nan	nan	nan	-0.2148760330578514	nan	nan	nan	nan	nan	-0.2148760330578514	nan	nan	nan	nan	nan	nan	nan	nan	-0.6526676843203862	nan	nan	nan	nan	nan	nan	nan	nan	nan	nan	nan	nan	nan	nan	nan	nan	nan	nan	nan	nan	-0.6526676843203862	nan	nan	nan	nan	nan	nan	nan	0.44610702705946775	0.44610702705946775	nan	nan	nan	nan	nan	nan	nan	nan	nan	nan	nan	nan	nan	nan	nan	0.44610702705946775	nan	nan	nan	nan	nan	0.44610702705946775	nan	nan	nan	nan	nan	0.44610702705946775	nan	nan	nan	nan	nan	nan	nan	nan	0.18181818181818177	0.18181818181818177	nan	nan	nan	nan	nan	nan	nan	nan	nan	nan	nan	nan	nan	nan	nan	0.18181818181818177	nan	nan	nan	nan	nan	0.18181818181818177	nan	nan	nan	nan	nan	0.18181818181818177	nan	nan	nan	nan	nan	nan	nan	nan	0	0	0	0	0	0	0	0	0	0	0	0	0	0	0	0	0	0	0	0	11	0	0	0	0	0	0	0	0	197	88	0	0	0	0	0	285	67	89	39	62	28
Rädelsführer	1.08	-0.3425925925925928	-0.34197530864197523	-0.03750000000000009	0.0	-0.6666666666666667	0.0	nan	-0.3884615384615384	-0.2936507936507937	-0.2333333333333334	0.0	nan	nan	nan	nan	nan	0.0	nan	nan	0.0	nan	nan	nan	nan	nan	nan	nan	nan	nan	nan	nan	nan	nan	nan	nan	nan	nan	0.08212325105582452	0.6681875630130736	0.41499539061523716	nan	0.11600141572824019	0.002045334526415865	0.41499539061523716	nan	nan	nan	nan	nan	1.0	0.41499539061523716	nan	nan	nan	nan	nan	nan	nan	nan	nan	nan	nan	nan	nan	nan	nan	0.0	0.0	0.0	0.14142135623730953	nan	nan	nan	nan	-0.4562100086763341	0.0	nan	nan	nan	nan	nan	nan	nan	nan	nan	nan	nan	nan	nan	nan	nan	nan	nan	nan	nan	nan	nan	nan	nan	nan	nan	nan	nan	nan	0.33333333333333337	0.3095238095238096	0.33333333333333337	0.5	0.5	0.0	0.0	nan	0.30000000000000004	0.33333333333333337	0.33333333333333337	0.0	nan	nan	nan	nan	nan	0.5	nan	1.0	0.0	nan	nan	nan	nan	nan	nan	nan	nan	nan	nan	nan	nan	nan	nan	nan	nan	nan	2	1	0	6	3	1	0	0	0	0	0	1	1	0	0	0	0	0	0	0	0	0	0	0	0	0	0	0	0	0	23	0	78	23	59	33	216	5	18	71	120	2
Rang	1.0253164556962024	0.0016025641025640969	nan	nan	nan	nan	nan	nan	nan	nan	nan	nan	nan	nan	nan	nan	nan	0.0016025641025640969	nan	nan	nan	nan	nan	0.0016025641025640969	nan	nan	nan	nan	nan	0.0016025641025640969	nan	nan	nan	nan	nan	nan	nan	nan	0.05025447608114153	nan	nan	nan	nan	nan	nan	nan	nan	nan	nan	nan	nan	nan	nan	nan	nan	nan	nan	nan	nan	0.05025447608114153	nan	nan	nan	nan	nan	nan	nan	0.5000000000000001	0.5000000000000001	nan	nan	nan	nan	nan	nan	nan	nan	nan	nan	nan	nan	nan	nan	nan	0.5000000000000001	nan	nan	nan	nan	nan	0.5000000000000001	nan	nan	nan	nan	nan	0.5000000000000001	nan	nan	nan	nan	nan	nan	nan	nan	0.25	0.25	nan	nan	nan	nan	nan	nan	nan	nan	nan	nan	nan	nan	nan	nan	nan	0.25	nan	nan	nan	nan	nan	0.25	nan	nan	nan	nan	nan	0.25	nan	nan	nan	nan	nan	nan	nan	nan	0	0	0	0	0	0	0	0	0	0	0	0	0	0	0	0	0	0	0	0	4	0	0	0	0	0	0	0	0	203	40	0	0	0	0	0	243	8	127	47	51	10
regelrecht	1.044776119402985	0.5972461273666093	nan	nan	nan	nan	nan	nan	nan	nan	nan	nan	nan	nan	nan	nan	nan	0.5972461273666093	nan	nan	nan	nan	nan	0.5972461273666093	nan	nan	nan	nan	nan	0.5972461273666093	nan	nan	nan	nan	nan	nan	nan	nan	0.4213345381172813	nan	nan	nan	nan	nan	nan	nan	nan	nan	nan	nan	nan	nan	nan	nan	nan	nan	nan	nan	nan	0.4213345381172813	nan	nan	nan	nan	nan	nan	nan	0.8819171036881968	0.8819171036881968	nan	nan	nan	nan	nan	nan	nan	nan	nan	nan	nan	nan	nan	nan	nan	0.8819171036881969	nan	nan	nan	nan	nan	0.8819171036881968	nan	nan	nan	nan	nan	0.8819171036881968	nan	nan	nan	nan	nan	nan	nan	nan	0.2857142857142857	0.2857142857142857	nan	nan	nan	nan	nan	nan	nan	nan	nan	nan	nan	nan	nan	nan	nan	0.2857142857142857	nan	nan	nan	nan	nan	0.2857142857142857	nan	nan	nan	nan	nan	0.2857142857142857	nan	nan	nan	nan	nan	nan	nan	nan	0	0	0	0	0	0	0	0	0	0	0	0	0	0	0	0	0	0	0	0	7	0	0	0	0	0	0	0	0	147	59	4	0	0	0	0	210	69	27	37	57	20
regulär	1.0878186968838528	0.6085440546933709	nan	nan	nan	nan	nan	nan	nan	nan	nan	nan	nan	nan	nan	nan	nan	0.5387293992557151	nan	nan	nan	nan	nan	0.5961532623270169	nan	nan	nan	nan	nan	0.48280542986425345	0.603265306122449	nan	nan	nan	nan	nan	nan	0.608843537414966	0.6997799558088684	nan	nan	nan	nan	nan	nan	nan	nan	nan	nan	nan	nan	nan	nan	nan	nan	nan	nan	nan	nan	0.5568746531258274	nan	nan	nan	nan	nan	1.0	0.787390711155382	0.6506400891214645	0.6623543029771641	nan	nan	nan	nan	nan	nan	nan	nan	nan	nan	nan	nan	nan	nan	nan	0.6357084917461993	nan	nan	nan	nan	nan	0.7067575063906334	nan	nan	nan	nan	nan	0.5944118626141066	0.7135060680126757	nan	nan	nan	nan	nan	nan	0.7302967433402215	0.6451612903225805	0.7598039215686274	nan	nan	nan	nan	nan	nan	nan	nan	nan	nan	nan	nan	nan	nan	nan	0.5789473684210527	nan	nan	nan	nan	nan	0.6206896551724138	nan	nan	nan	nan	nan	0.5294117647058824	0.7857142857142857	nan	nan	nan	nan	nan	1.0	0.75	0	0	0	0	0	0	0	0	0	0	0	0	0	0	0	0	0	0	0	0	17	0	0	0	0	0	2	12	54	232	98	0	0	0	0	0	384	0	182	92	95	15
Sprachrohr	1.058139534883721	0.8654166666666667	nan	nan	nan	nan	nan	nan	nan	nan	nan	nan	nan	nan	nan	nan	nan	0.8654166666666667	nan	nan	nan	nan	nan	0.8654166666666667	nan	nan	nan	nan	nan	0.8654166666666667	nan	nan	nan	nan	nan	nan	nan	nan	0.9027442682039525	nan	nan	nan	nan	nan	nan	nan	nan	nan	nan	nan	nan	nan	nan	nan	nan	nan	nan	nan	nan	0.9027442682039525	nan	nan	nan	nan	nan	nan	nan	0.8964214570007952	0.8964214570007952	nan	nan	nan	nan	nan	nan	nan	nan	nan	nan	nan	nan	nan	nan	nan	0.8964214570007952	nan	nan	nan	nan	nan	0.8964214570007952	nan	nan	nan	nan	nan	0.8964214570007952	nan	nan	nan	nan	nan	nan	nan	nan	0.8	0.8	nan	nan	nan	nan	nan	nan	nan	nan	nan	nan	nan	nan	nan	nan	nan	0.8	nan	nan	nan	nan	nan	0.8	nan	nan	nan	nan	nan	0.8	nan	nan	nan	nan	nan	nan	nan	nan	0	0	0	0	0	0	0	0	0	0	0	0	0	0	0	0	0	0	0	0	10	0	0	0	0	0	0	0	0	99	83	0	0	0	0	0	182	1	76	30	54	21
Täter	1.140552995391705	0.11922398589065253	0.05849916099249741	-0.006866343490304683	-7.229612492776205e-05	-0.2052785923753666	-0.3196969696969696	0.25	0.39395918367346927	0.5797222222222222	-0.5	0.0	nan	nan	nan	nan	nan	0.4	-0.5	nan	nan	nan	nan	nan	nan	nan	nan	nan	nan	nan	nan	nan	nan	nan	nan	nan	nan	nan	0.4548140668602668	0.41273099260469326	0.40922865735823755	0.5407502274063691	0.7169635079431806	0.08150045481273838	0.7750001255435742	nan	nan	nan	nan	0.08150045481273838	1.0	nan	1.0	nan	nan	nan	nan	nan	nan	nan	nan	nan	nan	nan	nan	nan	nan	0.023414117690588217	-0.29762877606688426	0.11907340187354264	-0.030464996334242572	0.0013601477309475797	-0.20434317940495383	-0.09128709291752768	nan	0.4302843362141315	0.6017830648521585	-0.9999999999999999	nan	nan	nan	nan	nan	nan	0.3952847075210474	-0.9999999999999999	nan	nan	nan	nan	nan	nan	nan	nan	nan	nan	nan	nan	nan	nan	nan	nan	nan	nan	nan	0.5238095238095237	0.572310405643739	0.5161290322580645	0.4736842105263158	0.5	nan	0.4285714285714286	0.0	nan	0.5555555555555556	0.5	0.6666666666666667	nan	nan	nan	nan	nan	0.8	0.5	1.0	nan	1.0	nan	nan	nan	nan	nan	nan	nan	nan	nan	nan	nan	nan	nan	nan	nan	nan	14	7	2	9	2	3	0	0	0	0	2	1	0	2	0	0	0	0	0	0	0	0	0	0	0	0	0	0	0	0	28	0	95	41	99	232	495	4	58	209	154	70
Tote	1.0962962962962963	0.21818181818181825	0.08333333333333337	-0.04219409282700415	nan	0.5601518026565464	0.0	0.9494949494949495	0.3552014652014652	0.25	-0.04285714285714293	-0.125	nan	nan	nan	nan	nan	0.10166666666666668	nan	-0.5	nan	1.0	nan	nan	nan	nan	nan	nan	nan	nan	nan	nan	nan	nan	nan	nan	nan	nan	0.402284185301503	nan	0.41499539061523716	0.9492068237243759	0.5407502274063691	0.4635004593781463	0.6979988147256432	nan	nan	nan	nan	nan	-2.6026002824204193	1.0	1.0	nan	nan	nan	nan	nan	nan	nan	nan	nan	nan	nan	nan	nan	nan	0.5451034543599429	0.6724744871391588	1.0	0.24007953952338332	nan	0.5520524474738834	nan	1.0	0.49099025303098287	0.9999999999999999	0.6123724356957945	-0.25	nan	nan	nan	nan	nan	0.14142135623730953	nan	nan	nan	1.0	nan	nan	nan	nan	nan	nan	nan	nan	nan	nan	nan	nan	nan	nan	nan	nan	0.4545454545454545	0.43333333333333335	0.0	0.30000000000000004	nan	0.6	0.0	0.6666666666666667	0.4666666666666667	0.0	0.19999999999999996	0.6	nan	nan	nan	nan	nan	0.6666666666666667	nan	0.0	1.0	1.0	nan	nan	nan	nan	nan	nan	nan	nan	nan	nan	nan	nan	nan	nan	nan	nan	0	1	3	2	5	5	0	0	0	0	0	2	1	3	0	0	0	0	0	0	0	0	0	0	0	0	0	0	0	0	35	0	89	43	91	38	296	17	32	110	114	23
Triebkraft	1.0434782608695652	0.21659544159544175	nan	nan	nan	nan	nan	nan	nan	nan	nan	nan	0.3999999999999999	nan	nan	nan	nan	0.05833333333333335	nan	nan	nan	nan	0.0	0.5499999999999999	nan	nan	nan	nan	nan	-0.16666666666666674	-0.6666666666666667	nan	nan	nan	nan	-0.6666666666666667	nan	nan	0.5588158762666864	nan	nan	nan	nan	nan	nan	nan	nan	nan	nan	nan	nan	nan	nan	0.5327178712639409	nan	nan	nan	nan	1.0	0.6128854901819191	nan	nan	nan	nan	0.024992317692061672	nan	nan	-0.3333333333333333	-0.3333333333333333	nan	nan	nan	nan	nan	nan	nan	nan	nan	nan	0.968245836551854	nan	nan	nan	nan	0.0	nan	nan	nan	nan	nan	0.49999999999999994	nan	nan	nan	nan	nan	-0.3333333333333333	nan	nan	nan	nan	nan	nan	nan	nan	0.3333333333333333	0.375	nan	nan	nan	nan	nan	nan	nan	nan	nan	nan	0.19999999999999996	nan	nan	nan	nan	0.4	nan	nan	nan	nan	0.0	0.6	nan	nan	nan	nan	1.0	0.5	0.0	nan	nan	nan	nan	0.0	nan	nan	0	0	0	0	0	0	0	0	0	0	0	0	0	0	1	0	0	0	0	1	4	0	0	0	0	3	0	0	31	109	43	33	0	0	0	0	216	0	72	49	84	11
Überflutung	1.035	0.7053571428571428	nan	nan	nan	nan	nan	nan	nan	nan	nan	nan	nan	nan	nan	nan	nan	0.7053571428571428	nan	nan	nan	nan	nan	0.7053571428571428	nan	nan	nan	nan	nan	0.7053571428571428	nan	nan	nan	nan	nan	nan	nan	nan	0.7495012588148646	nan	nan	nan	nan	nan	nan	nan	nan	nan	nan	nan	nan	nan	nan	nan	nan	nan	nan	nan	nan	0.7495012588148646	nan	nan	nan	nan	nan	nan	nan	0.7100469468046933	0.7100469468046933	nan	nan	nan	nan	nan	nan	nan	nan	nan	nan	nan	nan	nan	nan	nan	0.7100469468046933	nan	nan	nan	nan	nan	0.7100469468046933	nan	nan	nan	nan	nan	0.7100469468046933	nan	nan	nan	nan	nan	nan	nan	nan	0.5	0.5	nan	nan	nan	nan	nan	nan	nan	nan	nan	nan	nan	nan	nan	nan	nan	0.5	nan	nan	nan	nan	nan	0.5	nan	nan	nan	nan	nan	0.5	nan	nan	nan	nan	nan	nan	nan	nan	0	0	0	0	0	0	0	0	0	0	0	0	0	0	0	0	0	0	0	0	6	0	0	0	0	0	0	0	0	164	43	0	0	0	0	0	207	0	77	32	90	8
überwintern	1.1098484848484849	0.1773287122986853	-0.6867132867132864	0.15262515262515275	-0.41666666666666696	0.23464540210383444	-0.41666666666666696	0.5277777777777778	0.5173587807606264	-0.5	0.356255707762557	1.0	nan	nan	nan	nan	nan	-0.45813953488372117	nan	-0.41666666666666696	0.0	-0.40000000000000013	nan	nan	nan	nan	nan	nan	nan	nan	nan	nan	nan	nan	nan	nan	nan	nan	0.32981909215633953	-1.353087675523696	-0.20923297708130129	0.69615596525278	0.12249308592285568	0.5448887963136755	1.0	nan	nan	nan	nan	1.0	-0.7474294765057237	0.04903035091696961	0.11102603862097771	nan	nan	nan	nan	nan	nan	nan	nan	nan	nan	nan	nan	nan	nan	0.6728413596949354	0.719754013180801	nan	0.4186903892894491	nan	0.2829582292090551	nan	0.5000000000000001	0.551505590036569	nan	0.6592620395424031	0.9999999999999999	nan	nan	nan	nan	nan	nan	nan	nan	nan	nan	nan	nan	nan	nan	nan	nan	nan	nan	nan	nan	nan	nan	nan	nan	nan	nan	0.31034482758620696	0.29833333333333334	nan	nan	0.0	nan	0.0	0.33333333333333337	0.5	0.0	0.4	1.0	nan	nan	nan	nan	nan	nan	1.0	0.0	0.0	0.25	nan	nan	nan	nan	nan	nan	nan	nan	nan	nan	nan	nan	nan	nan	nan	nan	2	2	3	2	10	2	0	0	0	0	1	2	1	4	0	0	0	0	0	0	0	0	0	0	0	0	0	0	0	0	24	0	83	26	119	41	293	25	46	106	99	17
unbedenklich	1.0541871921182266	-0.3694805194805195	nan	nan	nan	nan	nan	nan	nan	nan	nan	nan	nan	nan	nan	nan	nan	-0.3694805194805195	nan	nan	nan	nan	nan	-0.3694805194805195	nan	nan	nan	nan	nan	-0.3694805194805195	nan	nan	nan	nan	nan	nan	nan	nan	-0.17321493467046878	nan	nan	nan	nan	nan	nan	nan	nan	nan	nan	nan	nan	nan	nan	nan	nan	nan	nan	nan	nan	-0.17321493467046878	nan	nan	nan	nan	nan	nan	nan	0.0	0.0	nan	nan	nan	nan	nan	nan	nan	nan	nan	nan	nan	nan	nan	nan	nan	0.0	nan	nan	nan	nan	nan	0.0	nan	nan	nan	nan	nan	0.0	nan	nan	nan	nan	nan	nan	nan	nan	0.09999999999999998	0.09999999999999998	nan	nan	nan	nan	nan	nan	nan	nan	nan	nan	nan	nan	nan	nan	nan	0.09999999999999998	nan	nan	nan	nan	nan	0.09999999999999998	nan	nan	nan	nan	nan	0.09999999999999998	nan	nan	nan	nan	nan	nan	nan	nan	0	0	0	0	0	0	0	0	0	0	0	0	0	0	0	0	0	0	0	0	10	0	0	0	0	0	0	0	0	153	61	0	0	0	0	0	214	0	89	54	69	2
ungebrechen	1.0419847328244274	0.5041666666666667	nan	nan	nan	nan	nan	nan	nan	nan	nan	nan	nan	nan	nan	nan	nan	0.5041666666666667	nan	nan	nan	nan	nan	0.5041666666666667	nan	nan	nan	nan	nan	0.5041666666666667	nan	nan	nan	nan	nan	nan	nan	nan	0.6747744111062037	nan	nan	nan	nan	nan	nan	nan	nan	nan	nan	nan	nan	nan	nan	nan	nan	nan	nan	nan	nan	0.6747744111062037	nan	nan	nan	nan	nan	nan	nan	0.8114822249196493	0.8114822249196493	nan	nan	nan	nan	nan	nan	nan	nan	nan	nan	nan	nan	nan	nan	nan	0.8114822249196493	nan	nan	nan	nan	nan	0.8114822249196493	nan	nan	nan	nan	nan	0.8114822249196493	nan	nan	nan	nan	nan	nan	nan	nan	0.4545454545454546	0.4545454545454546	nan	nan	nan	nan	nan	nan	nan	nan	nan	nan	nan	nan	nan	nan	nan	0.4545454545454546	nan	nan	nan	nan	nan	0.4545454545454546	nan	nan	nan	nan	nan	0.4545454545454546	nan	nan	nan	nan	nan	nan	nan	nan	0	0	0	0	0	0	0	0	0	0	0	0	0	0	0	0	0	0	0	0	11	0	0	0	0	0	0	0	0	201	72	0	0	0	0	0	273	2	156	66	32	17
Vernehmen	1.0364741641337385	0.9310804899387577	nan	nan	nan	nan	nan	nan	nan	nan	nan	nan	nan	nan	nan	nan	nan	0.9310804899387577	nan	nan	nan	nan	nan	0.9310804899387577	nan	nan	nan	nan	nan	0.9310804899387577	nan	nan	nan	nan	nan	nan	nan	nan	0.9091379696775936	nan	nan	nan	nan	nan	nan	nan	nan	nan	nan	nan	nan	nan	nan	nan	nan	nan	nan	nan	nan	0.9091379696775936	nan	nan	nan	nan	nan	nan	nan	0.9313342646680636	0.9313342646680636	nan	nan	nan	nan	nan	nan	nan	nan	nan	nan	nan	nan	nan	nan	nan	0.9313342646680636	nan	nan	nan	nan	nan	0.9313342646680636	nan	nan	nan	nan	nan	0.9313342646680636	nan	nan	nan	nan	nan	nan	nan	nan	0.8333333333333334	0.8333333333333334	nan	nan	nan	nan	nan	nan	nan	nan	nan	nan	nan	nan	nan	nan	nan	0.8333333333333334	nan	nan	nan	nan	nan	0.8333333333333334	nan	nan	nan	nan	nan	0.8333333333333334	nan	nan	nan	nan	nan	nan	nan	nan	0	0	0	0	0	0	0	0	0	0	0	0	0	0	0	0	0	0	0	0	12	0	0	0	0	0	0	0	0	296	45	0	0	0	0	0	341	86	84	14	142	15
Vernichtungskrieg	1.2067137809187278	0.41198055863497574	0.06132139465472808	0.6324222665926544	1.0	0.520881689232753	0.0	1.0	0.5213887044455088	0.25	0.0	nan	nan	nan	nan	nan	nan	-0.44514472455648946	nan	-0.12222222222222223	0.0	-0.25	nan	0.39494739829964365	-0.20000000000000018	0.4815510576380141	0.6252003410059676	0.6716666666666666	nan	-0.4183333333333332	0.5107205489897064	nan	0.952	0.7777777777777778	0.0	nan	0.0	0.2573380867498515	0.5177568832039015	1.0	0.5327178712639409	1.0	0.5407502274063691	0.4102774080171523	1.0	nan	nan	nan	nan	nan	0.3017806528240259	0.04903035091696961	-0.18314537647962603	nan	0.14780981612104227	0.6033099205670222	0.7358012753421757	0.7744272628158722	nan	-0.14764786529462182	1.0	0.9496120870556074	0.818980817002316	0.6006309161580501	nan	0.41499539061523716	0.5004741926379797	0.7243841587846802	0.8244703804723963	0.42690748412273116	0.6632840219915082	0.9999999999999999	0.5123482767206265	nan	1.0	0.5062311058166681	0.9999999999999999	nan	nan	nan	nan	nan	nan	nan	nan	nan	nan	nan	nan	nan	0.5922539208337335	0.6666666666666667	0.5976211600217352	0.6721230028171908	0.7416914391735253	nan	nan	0.7020399820628621	nan	0.9733285267845754	0.8660254037844387	nan	nan	nan	0.7272476054758308	0.45161290322580644	0.4809057971014493	0.33333333333333337	nan	1.0	nan	0.0	1.0	nan	0.0	0.5	1.0	nan	nan	nan	nan	nan	0.33333333333333337	nan	0.6	0.0	0.33333333333333337	nan	nan	0.0	0.4347826086956522	0.4666666666666667	0.6	nan	0.33333333333333337	nan	1.0	0.8	0.6666666666666667	0.75	nan	0.0	0.1333333333333333	2	1	3	2	2	1	0	0	0	0	0	5	1	3	0	5	23	15	20	0	12	1	5	3	4	0	1	15	50	369	39	0	74	46	82	23	683	8	232	239	199	5
Vorbereitung	1.0242718446601942	0.11224489795918369	nan	nan	nan	nan	nan	nan	nan	nan	nan	nan	0.08333333333333337	nan	nan	nan	nan	0.0	nan	nan	nan	nan	nan	0.11224489795918358	nan	nan	nan	nan	0.08333333333333337	0.0	nan	nan	nan	nan	nan	nan	nan	nan	0.2781425399962095	nan	nan	nan	nan	nan	nan	nan	nan	nan	nan	nan	nan	nan	nan	nan	nan	nan	nan	nan	0.469170346177906	0.1776802463502477	nan	nan	nan	nan	nan	nan	nan	1.0	1.0	nan	nan	nan	nan	nan	nan	nan	nan	nan	nan	1.0	nan	nan	nan	nan	nan	nan	nan	nan	nan	nan	0.6454972243679028	nan	nan	nan	nan	1.0	nan	nan	nan	nan	nan	nan	nan	nan	nan	0.2	0.25	nan	nan	nan	nan	nan	nan	nan	nan	nan	nan	0.0	nan	nan	nan	nan	0.5	nan	nan	nan	nan	nan	0.19999999999999996	nan	nan	nan	nan	0.0	0.5	nan	nan	nan	nan	nan	nan	nan	nan	0	0	0	0	0	0	0	0	0	0	0	0	0	0	0	0	0	0	0	3	2	0	0	0	0	0	0	0	0	127	48	36	0	0	0	0	211	0	76	67	67	1
vorjährig	1.0394088669950738	-0.0714285714285714	nan	nan	nan	nan	nan	nan	nan	nan	nan	nan	nan	nan	nan	nan	nan	-0.0714285714285714	nan	nan	nan	nan	nan	-0.0714285714285714	nan	nan	nan	nan	nan	-0.0714285714285714	nan	nan	nan	nan	nan	nan	nan	nan	0.5721045530264823	nan	nan	nan	nan	nan	nan	nan	nan	nan	nan	nan	nan	nan	nan	nan	nan	nan	nan	nan	nan	0.5721045530264823	nan	nan	nan	nan	nan	nan	nan	0.0	nan	nan	nan	nan	nan	nan	nan	nan	nan	nan	nan	nan	nan	nan	nan	nan	nan	nan	nan	nan	nan	nan	nan	nan	nan	nan	nan	nan	nan	nan	nan	nan	nan	nan	nan	nan	nan	0.75	0.75	nan	nan	nan	nan	nan	nan	nan	nan	nan	nan	nan	nan	nan	nan	nan	0.75	nan	nan	nan	nan	nan	0.75	nan	nan	nan	nan	nan	0.75	nan	nan	nan	nan	nan	nan	nan	nan	0	0	0	0	0	0	0	0	0	0	0	0	0	0	0	0	0	0	0	0	8	0	0	0	0	0	0	0	0	128	83	0	0	0	0	0	211	2	3	48	150	8
Waffenruhe	1.120879120879121	0.05255040840806535	nan	nan	nan	nan	nan	nan	nan	nan	nan	nan	0.173469387755102	nan	nan	nan	nan	-0.2651489047501847	nan	nan	nan	nan	-0.16666666666666674	0.004767369255952669	nan	nan	nan	nan	0.05555555555555558	-0.3074866310160427	-0.0714285714285714	nan	nan	nan	nan	0.0	nan	0.0	0.3818102524964103	nan	nan	nan	nan	nan	nan	nan	nan	nan	nan	nan	nan	nan	nan	0.31199030935334426	nan	nan	nan	nan	0.5932783283648357	0.14580267125613344	nan	nan	nan	nan	0.4102774080171523	1.0	0.5173694067951958	0.059761430466719674	0.059761430466719674	nan	nan	nan	nan	nan	nan	nan	nan	nan	nan	0.14285714285714285	nan	nan	nan	nan	nan	nan	nan	nan	nan	nan	0.17529125283258118	nan	nan	nan	nan	0.059761430466719674	nan	nan	nan	nan	nan	nan	nan	nan	nan	0.5625	0.6127946127946128	nan	nan	nan	nan	nan	nan	nan	nan	nan	nan	0.5714285714285714	nan	nan	nan	nan	nan	nan	nan	nan	nan	0.5	nan	nan	nan	nan	nan	0.5555555555555556	0.4545454545454546	0.75	nan	nan	nan	nan	0.5	1.0	0.6666666666666667	0	0	0	0	0	0	0	0	0	0	0	0	0	0	4	0	0	0	0	9	11	0	0	0	0	2	3	3	50	118	56	82	0	0	0	0	306	0	8	70	223	5
Walzwerk	1.0674603174603174	0.1750857142857143	nan	nan	nan	nan	nan	nan	nan	nan	nan	nan	0.28500000000000003	nan	nan	nan	nan	-0.13194444444444442	nan	nan	nan	nan	0.0	0.2607302118171684	nan	nan	nan	nan	0.45833333333333337	-0.0708333333333333	nan	nan	nan	nan	nan	nan	nan	nan	0.46367366877678984	nan	nan	nan	nan	nan	nan	nan	nan	nan	nan	nan	nan	nan	nan	0.41499539061523716	nan	nan	nan	nan	0.5531746642836856	0.5283756093798004	nan	nan	nan	nan	nan	nan	nan	0.6123724356957945	0.6123724356957945	nan	nan	nan	nan	nan	nan	nan	nan	nan	nan	0.25000000000000006	nan	nan	nan	nan	nan	nan	nan	nan	nan	nan	0.47507309379130747	nan	nan	nan	nan	0.6123724356957945	nan	nan	nan	nan	nan	nan	nan	nan	nan	0.6428571428571428	0.45	nan	nan	nan	nan	nan	nan	nan	nan	nan	nan	0.5	nan	nan	nan	nan	0.6666666666666667	nan	nan	nan	nan	0.0	0.6923076923076923	nan	nan	nan	nan	0.6	0.75	nan	nan	nan	nan	nan	nan	nan	nan	0	0	0	0	0	0	0	0	0	0	0	0	0	0	1	0	0	0	0	5	8	0	0	0	0	0	0	0	0	172	55	42	0	0	0	0	269	0	63	22	167	17
Warschauer	1.0705882352941176	-0.13589084679393038	nan	nan	nan	nan	nan	nan	nan	nan	nan	nan	nan	nan	nan	nan	nan	-0.13589084679393038	nan	nan	nan	nan	nan	-0.13589084679393038	nan	nan	nan	nan	nan	-0.13589084679393038	nan	nan	nan	nan	nan	nan	nan	nan	0.09166359188496143	nan	nan	nan	nan	nan	nan	nan	nan	nan	nan	nan	nan	nan	nan	nan	nan	nan	nan	nan	nan	0.09166359188496143	nan	nan	nan	nan	nan	nan	nan	0.19680853816147023	0.19680853816147023	nan	nan	nan	nan	nan	nan	nan	nan	nan	nan	nan	nan	nan	nan	nan	0.1968085381614702	nan	nan	nan	nan	nan	0.19680853816147023	nan	nan	nan	nan	nan	0.19680853816147023	nan	nan	nan	nan	nan	nan	nan	nan	0.25	0.25	nan	nan	nan	nan	nan	nan	nan	nan	nan	nan	nan	nan	nan	nan	nan	0.25	nan	nan	nan	nan	nan	0.25	nan	nan	nan	nan	nan	0.25	nan	nan	nan	nan	nan	nan	nan	nan	0	0	0	0	0	0	0	0	0	0	0	0	0	0	0	0	0	0	0	0	24	0	0	0	0	0	0	0	0	253	111	0	0	0	0	0	364	37	127	96	102	2
Westen	1.021551724137931	0.37642857142857145	nan	nan	nan	nan	nan	nan	nan	nan	nan	nan	nan	nan	nan	nan	nan	0.37642857142857145	nan	nan	nan	nan	nan	0.37642857142857145	nan	nan	nan	nan	nan	0.37642857142857145	nan	nan	nan	nan	nan	nan	nan	nan	0.49620087293089365	nan	nan	nan	nan	nan	nan	nan	nan	nan	nan	nan	nan	nan	nan	nan	nan	nan	nan	nan	nan	0.49620087293089365	nan	nan	nan	nan	nan	nan	nan	0.45643546458763845	0.45643546458763845	nan	nan	nan	nan	nan	nan	nan	nan	nan	nan	nan	nan	nan	nan	nan	0.45643546458763845	nan	nan	nan	nan	nan	0.45643546458763845	nan	nan	nan	nan	nan	0.45643546458763845	nan	nan	nan	nan	nan	nan	nan	nan	0.6	0.6	nan	nan	nan	nan	nan	nan	nan	nan	nan	nan	nan	nan	nan	nan	nan	0.6	nan	nan	nan	nan	nan	0.6	nan	nan	nan	nan	nan	0.6	nan	nan	nan	nan	nan	nan	nan	nan	0	0	0	0	0	0	0	0	0	0	0	0	0	0	0	0	0	0	0	0	5	0	0	0	0	0	0	0	0	185	52	0	0	0	0	0	237	10	103	28	94	2
wuchernd	1.0896860986547086	0.1310924369747899	-0.5591397849462367	0.4552392739273927	0.0	-0.125	nan	0.8333333333333333	0.33079096045197753	-0.41666666666666696	0.7441860465116279	-0.41666666666666696	nan	nan	nan	nan	nan	-0.4583333333333335	nan	0.0	0.0	-0.41666666666666696	nan	nan	nan	nan	nan	nan	nan	nan	nan	nan	nan	nan	nan	nan	nan	nan	0.037184721204376325	-1.4017335216136129	nan	0.878178406511047	-0.20923297708130129	0.6129575209914053	-0.20923297708130129	nan	nan	nan	nan	nan	0.41499539061523716	0.04903035091696961	-0.03548354465610082	nan	nan	nan	nan	nan	nan	nan	nan	nan	nan	nan	nan	nan	nan	0.9615124735378854	0.9743416490252569	nan	0.5397956190493097	nan	0.408248290463863	nan	0.9999999999999999	0.34158981884131645	nan	0.9486832980505139	nan	nan	nan	nan	nan	nan	0.3333333333333333	nan	nan	nan	nan	nan	nan	nan	nan	nan	nan	nan	nan	nan	nan	nan	nan	nan	nan	nan	nan	0.17647058823529416	0.10416666666666667	0.0	0.30000000000000004	0.0	0.19999999999999996	nan	0.5	0.16666666666666663	0.0	0.33333333333333337	0.0	nan	nan	nan	nan	nan	0.0	nan	0.0	0.0	0.0	nan	nan	nan	nan	nan	nan	nan	nan	nan	nan	nan	nan	nan	nan	nan	nan	1	0	2	2	6	2	0	0	0	0	0	1	1	2	0	0	0	0	0	0	0	0	0	0	0	0	0	0	0	0	28	0	97	18	65	35	243	27	70	59	79	8
Zehner	1.1292372881355932	0.6842328254351885	nan	nan	nan	nan	nan	nan	nan	nan	nan	nan	nan	nan	nan	nan	nan	0.751596614479215	nan	nan	nan	nan	nan	0.7047818143489566	nan	nan	nan	nan	nan	0.7208146666747717	0.49780589638718487	nan	nan	nan	nan	nan	0.8001373626373627	0.47109720176730485	0.6038357233599703	nan	nan	nan	nan	nan	nan	nan	nan	nan	nan	nan	nan	nan	nan	nan	nan	nan	nan	nan	nan	0.6258088989212822	nan	nan	nan	nan	nan	0.8840075514766006	0.1279979350220597	0.8733575680037673	0.8153070422422054	nan	nan	nan	nan	nan	nan	nan	nan	nan	nan	nan	nan	nan	nan	nan	0.9012364792027624	nan	nan	nan	nan	nan	0.8915329923934041	nan	nan	nan	nan	nan	0.9212200252185054	0.5383418172738444	nan	nan	nan	nan	nan	0.8001322641986388	0.724568837309472	0.44897959183673464	0.5203081232492998	nan	nan	nan	nan	nan	nan	nan	nan	nan	nan	nan	nan	nan	nan	nan	nan	nan	nan	nan	nan	nan	nan	nan	nan	nan	nan	nan	0.38235294117647056	nan	nan	nan	nan	nan	nan	0.75	0.4285714285714286	0	0	0	0	0	0	0	0	0	0	0	0	0	0	0	0	0	0	0	0	34	0	0	0	0	0	8	7	46	360	127	0	0	0	0	0	533	181	97	40	115	100
Zurückgebleibene	1.0391566265060241	0.6743326118326118	nan	nan	nan	nan	nan	nan	nan	nan	nan	nan	nan	nan	nan	nan	nan	0.6743326118326118	nan	nan	nan	nan	nan	0.6743326118326118	nan	nan	nan	nan	nan	0.6743326118326118	nan	nan	nan	nan	nan	nan	nan	nan	0.7774596425121776	nan	nan	nan	nan	nan	nan	nan	nan	nan	nan	nan	nan	nan	nan	nan	nan	nan	nan	nan	nan	0.7774596425121776	nan	nan	nan	nan	nan	nan	nan	0.6900655593423543	0.6900655593423543	nan	nan	nan	nan	nan	nan	nan	nan	nan	nan	nan	nan	nan	nan	nan	0.6900655593423543	nan	nan	nan	nan	nan	0.6900655593423543	nan	nan	nan	nan	nan	0.6900655593423543	nan	nan	nan	nan	nan	nan	nan	nan	0.6666666666666667	0.6666666666666667	nan	nan	nan	nan	nan	nan	nan	nan	nan	nan	nan	nan	nan	nan	nan	0.6666666666666667	nan	nan	nan	nan	nan	0.6666666666666667	nan	nan	nan	nan	nan	0.6666666666666667	nan	nan	nan	nan	nan	nan	nan	nan	0	0	0	0	0	0	0	0	0	0	0	0	0	0	0	0	0	0	0	0	12	0	0	0	0	0	0	0	0	273	72	0	0	0	0	0	345	0	62	174	90	19
zurückwerfen	1.2399150743099787	0.45010192588273956	0.5742185259535417	0.23975381105332927	0.0703125	0.8604512253396136	nan	0.9333333333333333	0.36320046865094324	0.0	-0.10757314974182441	0.0	nan	nan	nan	nan	nan	0.45676947850860905	nan	-0.8	1.0	0.0	nan	0.5219967280620103	0.7949907235621521	0.1342592592592593	0.9396825396825397	0.6468882796435915	nan	0.6153846153846154	0.36197098183399556	nan	0.4295918367346939	nan	-0.07499999999999996	nan	nan	0.39761904761904765	0.5572485794080428	0.493974787605166	1.0	0.9134618393770755	0.04903035091696961	-0.24310355494430214	0.6257533600927111	nan	nan	nan	nan	nan	-1.0142328610219136	1.0	0.6124511097532349	nan	0.8577832688323452	-0.014318974568571674	0.9549910583719944	0.7662821139512055	nan	0.8407740466630818	nan	0.4693762824791672	1.0	0.40217536941610144	nan	1.0	0.7649111108423028	0.6772892931596856	0.7058712629392442	0.5351100634701151	0.637957545911086	0.0	0.8790202652185082	nan	1.0	0.4755061518173592	nan	0.6254627916220946	nan	nan	nan	nan	nan	nan	0.570925587743791	nan	nan	1.0	nan	nan	0.5963898632258302	0.79611324338708	0.6101746434497988	0.9365079365079364	0.7156827402827759	nan	0.6546536707079771	0.3637261690198569	nan	0.7426106572325059	nan	1.0	nan	nan	0.3892494720807615	0.5234375	0.5584447229184072	nan	nan	0.25	nan	1.0	0.6666666666666667	nan	0.0	0.1428571428571429	0.6666666666666667	nan	nan	nan	nan	nan	nan	nan	0.0	1.0	0.5	nan	nan	0.7142857142857143	0.2592592592592593	0.8	0.7	nan	0.875	nan	nan	0.2857142857142857	1.0	0.0	nan	1.0	0.75	4	1	3	1	7	3	0	0	0	0	0	5	5	2	0	7	27	10	20	0	8	0	7	1	4	0	1	12	56	281	38	0	67	31	88	23	584	59	356	96	69	4
Zuwachs	1.0564102564102564	0.05263157894736836	0.0703125	0.05833333333333335	0.0	0.0	nan	0.0	0.08333333333333337	0.16666666666666663	0.0	nan	nan	nan	nan	nan	nan	0.0	nan	nan	nan	0.0	nan	nan	nan	nan	nan	nan	nan	nan	nan	nan	nan	nan	nan	nan	nan	nan	0.56262025361973	0.04903035091696961	nan	0.7750001255435742	0.6437914188594795	0.5917779799167726	1.0	nan	nan	nan	nan	nan	nan	nan	0.41499539061523716	nan	nan	nan	nan	nan	nan	nan	nan	nan	nan	nan	nan	nan	nan	0.5000000000000001	0.5000000000000001	0.5443310539518174	0.408248290463863	nan	nan	nan	nan	0.14142135623730953	0.5000000000000001	nan	nan	nan	nan	nan	nan	nan	nan	nan	nan	nan	nan	nan	nan	nan	nan	nan	nan	nan	nan	nan	nan	nan	nan	nan	nan	nan	nan	0.45454545454545453	0.4166666666666667	0.25	0.4	0.0	0.6666666666666667	nan	0.6666666666666667	0.33333333333333337	0.33333333333333337	0.5	1.0	nan	nan	nan	nan	nan	0.0	nan	nan	nan	0.0	nan	nan	nan	nan	nan	nan	nan	nan	nan	nan	nan	nan	nan	nan	nan	nan	1	0	3	3	2	1	0	0	0	0	0	0	0	1	0	0	0	0	0	0	0	0	0	0	0	0	0	0	0	0	16	0	76	21	63	30	206	29	32	78	52	15
