lemma	pos	date	grouping	identifier	description	context	indexes_target_token	indexes_target_sentence
tree_nn	nn2	1997	2	fic_1997_42318.txt-0-28	 	@@4318 I was three, no more, when I spotted for the first time the paleness of his shirt moving like some small ghost against the darkening trees.	140:145	0:146
tree_nn	nn1	1979	2	fic_1979_780155.txt-3663-8	 	Stepping quickly behind the bole of a large tree, Bull waited in silence.	44:48	0:73
tree_nn	nn2	1848	1	mag_1848_555520.txt-129-53	 	Let any one, if he does not already know hy daily observation and can not see it the moment he looks, measure fifty trees, and he will hardly find one that does not taper; not regularly, indeed, because many accidents give irregular and highly picturesque forms to trees; but he will find the law of the natural growth of a tree to he, that from the time it leaves the ground it begins to taper, and tapers out to its extremities.	265:270	0:430
tree_nn	nn1	1844	1	nf_1844_762654.txt-2000-47	 	I tried to argue him out of this notion; but, unfortunately, could find no tree without these characters -- some high up, and some lower down in the trunk -- some large and others small -- but still to be found on every tree.	220:224	0:225
tree_nn	nn1	1858	1	nf_1858_747890.txt-1633-3	 	53 represents a tree, the lower part of which has ceased to grow, in consequence of over-fruiting.	16:20	0:98
tree_nn	nn2	1963	2	nf_1963_774222.txt-1849-38	 	The expert map reader, like the expert score reader, may be able to tell fairly exactly what sort of country he may expect to find, but he can not possibly experience the beauty of the trees, the intense emotion of a wonderful	185:190	0:226
tree_nn	nn2	1845	1	nf_1845_747928.txt-890-10	 	/z/ For practical purposes, the numerous insects infesting fruit trees may be divided into four classes; 1st, those which for a time harbour in the ground and may be attacked in the soil; 2d, winged and other species, which may be attacked among	65:70	0:245
tree_nn	nn2	1844	1	nf_1844_747892.txt-285-15	 	The new sorts ' are all budded on the French Eglantine, and form small trees, that require to be kept free from the suckers which push up from the roots, or the graft would be impoverished and die.	71:76	0:197
tree_nn	nn2	1993	2	fic_1993_25027.txt-2573-3	 	Where there were trees I slid from one to the other on the downhill side of them.	17:22	0:81
tree_nn	nn1	1982	2	nf_1982_774241.txt-290-5	 	The fruits of the forbidden tree are, of course, death.	28:32	0:55
tree_nn	nn1	1987	2	fic_1987_16030.txt-1901-11	 	SEEING: THE HUNTER, clinging to a side of a tree, flushed bright crimson.	44:48	0:73
tree_nn	nn2	1971	2	fic_1971_10537.txt-1750-14	 	My assurance had faltered halfway through the year, and by the time the trees in the tiny park were in dusty leaf I was certain it wasn't going to work.	72:77	0:152
tree_nn	nn1	1848	1	nf_1848_747893.txt-2604-12	 	Another runs thirty feet on scaffolding, and then ascends an aspen tree, spreading over its branches to the height of about forty feet; the tree full of grapes.	67:71	0:160
tree_nn	nn2	1985	2	fic_1985_10734.txt-13281-7	 	They'll have used up all the trees making their tons of wastepaper. \"	29:34	0:69
tree_nn	nn2	1834	1	nf_1834_747621.txt-729-73	 	If a landscape be drawn, and all finished with common colors, except the leaves of the trees, the grass and the sky, and the latter be finished with this sympathetic ink, and the two former with the adulterated solution just mentioned, the drawing will seem to be unfinished, and have a wintry appearance; but, upon being held to the fire, the grass and trees will become green, the sky blue, and the whole assume a rich and beautiful appearance.	354:359	0:446
tree_nn	nn1	2007	2	mag_2007_390031.txt-138-5	 	He sat propped against a tree, his legs splayed before him, telling his story: he was infected six years ago, while planting coffee near the river; the itching kept him from sleeping; that, in turn, kept him from working; one of his children took care of him; he could still see well enough to get around, but he worried that his eyesight would get worse. \"	25:29	0:357
tree_nn	nn2	1993	2	fic_1993_1040085.txt-3801-15	 	Shadows from the fire leaped and danced like pagan phantoms among the black trunks of trees.	86:91	0:92
tree_nn	nn1	1980	2	fic_1980_782023.txt-2096-18	 	I don't care if you shoot the damn thing upside down, sideways or hanging from a tree -- it's up to you to do it!	81:85	0:113
tree_nn	nn2	1848	1	fic_1848_7009.txt-3726-46	 	In a few minutes from the time they halted, they had finished their preparations for passing the night here; the horses were loosed to graze and rest themselves, a hasty, rude shelter made from green boughs, which they cut from the trees, was prepared for Coquese, and a bed of the same, arranged for her.	232:237	0:305
tree_nn	nn2	1850	1	nf_1850_747863.txt-1002-17	 	It is an excellent protection against mid-summer drouths, which so often prove destructive to newly transplanted trees, after they have appeared in leaf.	113:118	0:153
tree_nn	nn2	1858	1	mag_1858_566921.txt-158-3	 	At the Big Trees, we enter a dell, quietly lapped in the mountains, where the majestic vegetable minarets are crowded, as in sonme city of pilgrimage; there to look up, for the first time, in silent awe of the mere life principle.	11:16	0:230
tree_nn	nn1	1960	2	fic_1960_24500.txt-1125-15	 	SWITCHBOARD ROOM - DAY Perched on top of the switchboard is a small decorated Christmas tree, and the operators are dispensing holiday greetings to all callers.	88:92	0:160
tree_nn	nn1	1846	1	fic_1846_4462.txt-2507-79	 	house of Autronius upon the Quirinal, whither I sent thee to bid him to dinner the next day -- he shall confirm the tale -- when thou didst hear a cry of murder from the Plebeian graveyard on the Esquiline; and hurrying to the spot, didst see Arvina, with his freedman Thrasea bearing a torch, conceal a fresh bleeding body in a broken grave; and, hidden by the stem of a great tree thyself, didst hear him say, as he left the ground, ' That dog will tell no tales! '	378:382	0:467
tree_nn	nn1	1822	1	fic_1822_7243.txt-2784-30	 	Onward he toiled, sadly and doubtfully, frequently disturbed by some crackling above him, as the young panthers, snuffing his approach, leaped along from tree to tree, and rock to rock: and starting ever and anon, as if some creature of the upward element were at his elbow.	162:166	0:274
tree_nn	nn1	1851	1	nf_1851_747930.txt-4010-15	 	Mr. Emerson says of it: \" The American Holly is a handsome, low tree, with nearly horizontal branches, and thorny, evergreen leaves.	64:68	0:132
tree_nn	nn2	1962	2	fic_1962_23786.txt-2607-16	 	Still, it Look much longer than she hoped, and when she broke out of trees at last on the edge of the grove with the naked road on her left and Mr. Isaac's before her, she all but ran the hundred yards to the porch, and the pounding of her feet on dead earth flushed waves of screaming guineas into pecan limbs.	69:74	0:311
tree_nn	nn2	1846	1	fic_1846_7121.txt-989-51	 	Leaving his faithful dog to guard his herd in the pass, the young mountaineer left the spot where they were collected together, and going a few steps along a ledge in the cliff-side, he came upon an open space, about which grew several clumps of wild olive trees.	257:262	0:263
tree_nn	nn1	1860	1	fic_1860_615.txt-851-48	 	In other portions of the grounds the stone-pines lifted their dense clump of branches upon a slender length of stem, so high that they looked like green islands in the air, flinging down a shadow upon the turf so far off that you hardly knew which tree had made it.	248:252	0:265
tree_nn	nn2	1992	2	mag_1992_396817.txt-96-55	 	CMH clients undergo an extensive safety orientation, including the use of avalanche transceivers (to help pinpoint rescues should someone become buried), helicopter protocol, actual trial avalanche searches, and avoiding naturally occurring hazards like crevasses, cornices, and tree wells (deep pits that form at the base of trees when the snow accumulates on their branches).	326:331	0:377
tree_nn	nn1	1856	1	nf_1856_769051.txt-2612-27	 	He took a delicate piece from the small of the back, and was just on the point of putting it to his mouth, when a tree close by made a creaking noise.	114:118	0:150
tree_nn	nn2	1858	1	nf_1858_747890.txt-1017-11	 	The borders should be deeply tilled and rich, and the trees may be planted quite closely.	54:59	0:89
tree_nn	nn2	1977	2	mag_1977_490796.txt-116-13	 	There were no birds, but we kept an eye out for the trees, the rocks, and the rills.	52:57	0:84
tree_nn	nn1	1961	2	mag_1961_246105.txt-22-37	 	Churches go up in flames, men are set on fire in their castles, tiny firing squads claim victim after victim, a man is broken on a wheel, 21 corpses hang from a single tree.	168:172	0:173
tree_nn	nn2	1987	2	fic_1987_10756.txt-5694-8	 	terrain changed immediately, from the green and trees of the other side to red rock, sand, and low scrub.	48:53	0:105
tree_nn	nn2	2001	2	mag_2001_417542.txt-58-33	 	A growing number of businesses now manufacture furniture made from plantation woods-even rare tropical varieties like teak and mahogany-that aren't from forests but from well-managed farms with the sole purpose of raising trees for lumber.	222:227	0:239
tree_nn	nn2	2000	2	mag_2000_369093.txt-6-26	 	Some of the sequoias Clinton preserved in the 328,000-acre monument are only the third generation since the last Ice Age, part of a family of trees that has endured fires, earthquakes, storms and every change of political leadership since human history began. \"	142:147	0:261
tree_nn	nn2	1836	1	fic_1836_7040.txt-2834-40	 	It sounded like the voice of Paralus in his youth, when we used to sing together, to please my grandfather, as he sat by the side of that little sheltered brook, over whose bright waters the trees embrace each other in silent love.	191:196	0:231
tree_nn	nn1	1837	1	fic_1837_8325.txt-1062-42	 	Days of care Were meted to him, and long nights of grief Weigh'd out, and then that little, wailing one Went to her mother's bosom, and slept sweet ' Neath the cool branches of the Hopia- tree. '	188:192	0:195
tree_nn	nn2	1838	1	mag_1838_554654.txt-295-19	 	* We can not but think, therefore, that those, who would adorn their grounds with magnificent trees, should wait for the slow but sure operation of Time, in place of resorting to an expedient, which, to say nothing of its expense, requires to be tried by a long and general experience, and of the success of which we have as yet none but imperfect, and apparently not very impartial, statements.	94:99	0:395
tree_nn	nn2	1855	1	fic_1855_2965.txt-2197-4	 	forest, and the trees were as straight as an arrow, and so tall that their tops almost seemed among the clouds.	16:21	0:111
tree_nn	nn1	1983	2	fic_1983_10710.txt-1940-6	 	Peter moved slightly away from the tree, just enough to expose his presence, and then (prickly popped back.	35:39	0:107
tree_nn	nn2	1973	2	mag_1973_431867.txt-184-0	 	trees of any sort, particularly during a storm.	0:5	0:47
tree_nn	nn2	1851	1	mag_1851_525821.txt-26-21	 	The intervening country is covered with dense fir forests, almost impenetrable to the midday sun, and obstructed with fallen trees, upturned roots and stumps, and a perfect jungle of undergrowth, through which the most energetic traveler can accomplish but ei *, ht or nine miles a day.	125:130	0:286
tree_nn	nn1	1986	2	fic_1986_10739.txt-4192-2	 	behind a tree, the lever off and counting before the first barrage ripped into it.	9:13	0:82
tree_nn	nn2	1833	1	nf_1833_747941.txt-1275-24	 	/z/ Of the Poplar (Populus) there are about fifteen species described; but it is necessary to mention only two as timber trees: the white poplar, or spreading poplar (Populus canescens); and the Lombardy poplar, or poplar of the valley of the Po (Populus dilatata), which is spire-shaped, has its branches at very small angles with the trunk, and runs up to a great height.	121:126	0:373
tree_nn	nn2	1960	2	fic_1960_10392.txt-1475-22	 	It is noontime of a spring day; this you can tell from the light, and from the blooming flowerboxes and trees on the penthouse roofs of the buildings behind, and by the cool spring dress Celia is wearing.	104:109	0:204
tree_nn	nn2	1827	1	fic_1827_7168.txt-303-74	 	that at the grand festival of St. Nicholas, which might perhaps assimilate to a twenty-fifth of November dinner of our own modern Corporation, that not only the Chief Scout, but the lordly and substantial burgomasters, and the well fed Schepens of the honest city of Nieuw Amsterdam, or New-York, all appeared arrayed in certain calico morning gowns, which were adorned in lieu of bloemates, with orange trees and singing birds: the which material, had formed part of the cargo of a Spanish galleon which Kid had lately captured, and openly sent into the bay, consigned, as usual in these cases to some respectable trading firm; much in a like manner as our late uncommissioned privateer captures of the ships of a friendly nation; and for which an agent of the original owners had instituted a suit of recovery before the above mentioned Scout, who acted as Judge, together with his other municipal capacities; and as might be expected, the said suit shortly after the aforesaid festival of St. Nicholas, was decided	404:409	0:1017
tree_nn	nn1	1992	2	fic_1992_53515.txt-136-45	 	And the chinaberry tree that gives no shade, not even a moon shadow -- when it put on berries its leaves gave all their strength, and now they hang weakly among the wrinkled berries, things about to evaporate; and beneath the tree is dust, the roots scratched bare by the dog, and now the dog lies among the feathery rootless imagining that he is cooling himself, but he pants, and he is as hot and dry as the galvanized chain that attaches him to the tree.	226:230	0:457
tree_nn	nn1	1852	1	fic_1852_2751.txt-15085-31	 	He turned off from the road, and led her back into the woods a little way, in the same path by which she had once gone hunting for a tree to cut down. \"	133:137	0:152
tree_nn	nn2	1973	2	fic_1973_780108.txt-4382-6	 	She touched one of the cactus trees, outlining it slowly with her finger.	30:35	0:73
tree_nn	nn1	1844	1	fic_1844_7189.txt-2280-26	 	you, Loretta, that last night, just about dark, as I was walking near you cottage on the hill, with a beech tree on one side, and a chestnut on the other -- \" \" What! \"	108:112	0:168
tree_nn	nn2	2001	2	mag_2001_413864.txt-165-22	 	The sloping bajadas are studded with forests of towering saguaro cacti, and the washes are lined with palo verde and mesquite trees.	126:131	0:132
tree_nn	nn2	1831	1	fic_1831_8376.txt-4942-4	 	The old trunks of trees rise round Like pillars in a church of old, And the wind fills them with a sound As if a bell were tolled.	18:23	0:130
tree_nn	nn2	1858	1	nf_1858_747890.txt-792-5	 	In selecting plants for pyramid trees, choose those that have branches or branch-spurs within a foot of the ground, and fairly distributed along the stem.	32:37	0:154
tree_nn	nn2	1982	2	fic_1982_10699.txt-3505-4	 	You ever notice that trees do everything to git attention we do, except walk?	21:26	0:77
tree_nn	nn2	1965	2	fic_1965_10458.txt-3606-5	 	On the way, the trees did not burn.	16:21	0:35
tree_nn	nn1	1990	2	fic_1990_53204.txt-243-10	 	Directly outside the window, a squirrel on an oak tree shook the Spanish moss, which resembled gray rags, and the classroom resounded with the dry little noise.	50:54	0:160
tree_nn	nn2	1847	1	nf_1847_754437.txt-2309-4	 	The tops of the trees are far below, and as one looking down upon them hears the various cries and whistles of the birds come up, and marks the vultures wheeling round in aerial circles over the trees far below one's feet, then it is that you realise that at last the forest, with its world of foliage, has been surmounted.	16:21	0:323
tree_nn	nn1	1853	1	fic_1853_4303.txt-1570-30	 	They dressed and broiled a few steaks of it, but hesitated to build a large fire, for fear that straggling Indians might see the smoke rising above the tree tops, which would direct them on their trail.	152:156	0:202
tree_nn	nn2	2007	2	fic_2007_52474.txt-242-17	 	Outside, the rain continues to fall and Lisa can see the black-green wetness of the oak trees surrounding the Jewish cemetery, the canopy swishing against the sky, and she wonders if it is true that the unbaptized are locked out of heaven.	88:93	0:239
tree_nn	nn2	1835	1	fic_1835_7134.txt-934-27	 	What a richness must clothe even the language of sermons composed in such pleasant shades -- the cool wind loaded with fragrance, leaping from among the trees upon the brow, and playing refreshingly among the hair!	153:158	0:214
tree_nn	nn2	1833	1	nf_1833_747941.txt-247-38	 	more to impede the current of the water; while the accumulating moss, as the bog earth is called in Scotland, went on increasing and heaving up, so as to bury the trunks of the trees which it had destroyed.	177:182	0:206
tree_nn	nn2	1990	2	fic_1990_13677.txt-711-9	 	IRENKA Well it would have been impossible if the trees had still been standing.	49:54	0:79
tree_nn	nn2	2008	2	fic_2008_36175.txt-25-2	 	Even the trees looked uncomfortable, naked and embarrassed, as if they were all simultaneously having that dream in which you look down and realize you've forgotten to put on your clothes.	9:14	0:188
tree_nn	nn1	1998	2	nf_1998_774048.txt-896-20	 	The funnel-shaped fruit-bodies are a pale to golden yellow color and always come up from the ground, never from tree stumps or roots.	112:116	0:133
tree_nn	nn1	1835	1	fic_1835_7014.txt-3380-18	 	The refugee laughed, and at that moment Herman heard a noise on the bough of the oak tree, as of some animal rending away the bark; and looking up, he beheld what he had not before seen in the gloom, -- the body of the dead traitor swinging with a sort of jerking, convulsive motion, as if still alive.	85:89	0:302
tree_nn	nn2	1983	2	fic_1983_10707.txt-3756-9	 	Soon they were under the cover of the tall trees, and the footing improved, allowing them to climb the slope without sliding or grabbing for branches.	43:48	0:150
tree_nn	nn2	1836	1	nf_1836_749613.txt-1908-19	 	When they alight, if on the ground, they cover whole acres at a time; if upon trees, the branches often break beneath their weight.	78:83	0:131
tree_nn	nn2	1841	1	nf_1841_747926.txt-1956-10	 	scenery; and the two latter are generally low spreading trees, valued entirely for the excellency of the fruit, or the suitableness of the.	56:61	0:139
tree_nn	nn1	1973	2	fic_1973_10570.txt-3739-10	 	I looked up at the Bandung's palms, a tree I no longer associate with fun, so as to avoid looking at the top of the stockade wall enclosing the garden; on top of the wall glass shards were planted to discourage intruders and the sight of these bristling never failed to make my pecker ache.	38:42	0:290
tree_nn	nn1	1846	1	fic_1846_4464.txt-1775-9	 	Bind me Hortensia, firmly, to yon chesnut tree, stout smith; but do not harm her.	42:46	0:81
tree_nn	nn1	2003	2	fic_2003_47913.txt-16-32	 	I stood there in the heat, staring past the car at the road, two narrow gravel ruts and a hummock of wire grass winding away through a sunshot dapple of tree and scrub.	153:157	0:168
tree_nn	nn1	1832	1	fic_1832_7177.txt-2251-5	 	This canine rabble surrounded the tree, and, with vain efforts, attempted to scale the trunk, or started towards	34:38	0:112
tree_nn	nn1	1844	1	fic_1844_9118.txt-279-19	 	It invites him to adorn his deformities, and not to cast them off by expansion, as the tree its bark.	87:91	0:101
tree_nn	nn2	1848	1	nf_1848_747893.txt-2337-60	 	Limestone, gravel, or coarse sand, with a small mixture of clay, /z/ forms a good soil for a vine; vegetable substances alone should be used to enrich it, such as the leaves and tendrils of the vine, the residue of the grape when pressed, and, failing these, the leaves of trees collected when green and formed into a compost with earth.	273:278	0:337
tree_nn	nn2	1974	2	mag_1974_316565.txt-1-41	 	To put some of the comfort back into apple consumption, two young California entrepreneurs are providing a rent-a-tree service that allows city dwellers to raise all the fruit they can possibly eat and also enjoy the pristine pleasures of watching trees grow, blossom and yield.	248:253	0:278
tree_nn	nn1	1833	1	nf_1833_747941.txt-1621-0	 	tree grows so very slowly after attaining some size.	0:4	0:52
tree_nn	nn2	2009	2	fic_2009_36385.txt-165-12	 	As he thought this, something moved way back there among the trees where sunlight angled in wavery golden patches surrounded by green gloom.	61:66	0:140
tree_nn	nn1	2002	2	fic_2002_46745.txt-1334-12	 	forestlike fringe ahead was the grass at the foot of a cashew tree.	62:66	0:67
tree_nn	nn1	1977	2	fic_1977_10623.txt-3197-9	 	They are headed toward the blackened, ruined oak tree at the edge of the woods.	49:53	0:79
tree_nn	nn2	1858	1	fic_1858_9231.txt-2377-16	 	Here, you seat yourself, as friend with friend, in the shadow of green trees, under the loving skies.	71:76	0:101
tree_nn	nn1	1997	2	fic_1997_42212.txt-874-3	 	I stumbled from tree to tree, saw a flash, lost it again.	16:20	0:57
tree_nn	nn1	1979	2	fic_1979_782021.txt-4577-6	 	Marti's car crashed into a tree and then overturned for a last time, remaining on its back, the wheels spinning like they were part of a monster lottery	27:31	0:152
tree_nn	nn2	2000	2	mag_2000_401771.txt-55-20	 	Since our ammunition boxes are still full, we have targets to strafe -- long wooden buildings surrounded by palm trees.	113:118	0:119
tree_nn	nn1	1847	1	fic_1847_8247.txt-115-11	 	in these autumnal hours, When fairy colors deck the painted tree, When the vast woodlands seem a sea of flowers, Oh!	60:64	0:116
tree_nn	nn2	1845	1	nf_1845_747928.txt-861-20	 	A /z/ due south slope, is, south of New- York, frequently found too warm for many fruit trees, in soils that are light and dry.	88:93	0:127
tree_nn	nn2	1837	1	fic_1837_7452.txt-1377-7	 	The winds were then harmonious in the trees, And jocund were the spirits of the air, That all night long upon the passing breeze Were wont to fondle with my tangled hair; And now, though still melodious, they are deep, And, like thy cadence, often make me sleep!	38:43	0:262
tree_nn	nn1	1982	2	fic_1982_13389.txt-1772-18	 	KAREN I was walking along the beach and I passed this guy crouched in the crook of a tree, lit just a little by the moonlight.	85:89	0:126
tree_nn	nn2	1851	1	mag_1851_555720.txt-8-25	 	In the long, narrow, flat island, covered with a few ill kept farms, with one or two mean houses and straggling trees, there certainly is nothing to attract notice; yet not a steamer passes it but that a group collects on the hurricane deck, to ask for the \" shrubbery which Shenstone might have envied, \" the \" music that might have charmed Calypso and her nymphs, \" and the \" wife who was said to be lovely even beyond her sex, and graced with	112:117	0:445
tree_nn	nn1	1982	2	fic_1982_23959.txt-129-50	 	I N THE WOODS near the road he and Mark lay face down in the shadow of trees and looked through branches and brown needles of a larger fallen branch of pine; Mark had dragged it from deeper in the woods, where their bicycles were chained to a tree.	243:247	0:248
tree_nn	nn2	1833	1	nf_1833_747941.txt-896-4	 	to the great chesnut trees, through forests growing out of the lava, in several places almost impassable.	21:26	0:105
tree_nn	nn2	1836	1	fic_1836_7111.txt-1882-14	 	If I was superstitious, \" said Thodore, as, emerging from the trees near the margin of the bayou, they came in full view of the largest mound, \" I should believe that the sun -- which it is said the Indians worshipped -- in reproof of our unbelief of his divinity, and detestation to the truth of their religion, has kindled a flame upon the summit of the Temple. \"	62:67	0:365
tree_nn	nn1	1963	2	fic_1963_780073.txt-2749-16	 	If they were made by a rope holding a boat, there ought to be another tree with similar marks at the other end of the cove.	70:74	0:123
tree_nn	nn1	1993	2	fic_1993_25015.txt-1504-20	 	There were no mushrooms after all, only a small boy, curled up asleep at the base of a tree, his grimy face streaked with tears.	87:91	0:128
tree_nn	nn1	1841	1	nf_1841_747926.txt-1510-45	 	When large poplars of this kind are growing near a house of but moderate dimensions, they have a very bad effect by completely overpowering the building, without imparting any of that grandeur of character conferred by an old oak, or other spreading tree.	250:254	0:255
tree_nn	nn2	1981	2	fic_1981_782025.txt-2226-26	 	Then Franny and I had to restrain Frank from going on and on with his banging cymbals; it seemed that the sound might kill the trees and drive small animals from the forest.	127:132	0:173
tree_nn	nn2	1961	2	fic_1961_23773.txt-58-21	 	His black Jaguar crouched off the road a bit down the hill, and he sat between it and half-a-dozen plum trees.	104:109	0:110
tree_nn	nn2	1860	1	fic_1860_8118.txt-263-11	 	of arms, The play of shine and shade on the trees as the supple boughs wag, The delight alone, or in the rush of the streets, or along the fields and hill-sides, The feeling of health, the full-noon trill, the song of me rising from bed and meeting the sun.	44:49	0:257
tree_nn	nn1	1851	1	nf_1851_758845.txt-1961-56	 	Colonel Brady, who is active in daily perambulating the woods, to make himself acquainted with the environs, seeking, at the same time, the best places of finding wood and timber, for the purposes of his command, brought me a twig of the Sorbus Americana, a new species of tree to him, in the American forest, of which he asked me the name	273:277	0:339
tree_nn	nn1	1841	1	nf_1841_747926.txt-2077-1	 	The tree is but little cultivated among us, though highly deserving more extensive favor, both on account of its value and beauty.	4:8	0:130
tree_nn	nn1	1849	1	fic_1849_7230.txt-2090-6	 	The knight still leaned against the tree, lost in a vague but delicious reverie.	36:40	0:80
tree_nn	nn2	1854	1	mag_1854_566452.txt-328-15	 	There they dug, and enriched, and watered, just as every cultivator of trees or grain gives his chief care	71:76	0:106
tree_nn	nn2	1988	2	fic_1988_10770.txt-4481-5	 	From the silhouettes of the trees lining the lake-like expanse of the river, Jason could gauge their speed.	28:33	0:107
tree_nn	nn2	2007	2	fic_2007_33569.txt-46-5	 	on dry earth, small trees with dark leaves and clumps of green fruit -- olive trees, said his own voice in his head -- a dusty road and soldiers marching in puttees and canvas webbing, bolt-action rifles slung from their shoulders. \"	20:25	0:233
tree_nn	nn2	1856	1	fic_1856_2470.txt-5940-8	 	From hollows, in the butts of old trees, and recesses under projecting cliffs, he succeeded in finding enough dry fuel to start the fire anew, and soon it shot up a bright bold flame as before. \"	34:39	0:195
tree_nn	nn2	1993	2	fic_1993_1040090.txt-3862-7	 	Bulkin stopped next to one of the trees and pasted a yellow poster onto its trunk.	34:39	0:82
tree_nn	nn1	1833	1	nf_1833_747941.txt-839-20	 	Scraping, an inferior species of turpentine, is the deposite made by the sap on the bark of the tree, as it trickles down into the box.	96:100	0:135
tree_nn	nn2	1848	1	fic_1848_7009.txt-3202-24	 	Hastening to a little knob, which gave them a wide prospect in the direction of the sound, they looked carefully through the trees on each side of them, and great was their horror, when they saw Shoonshoone standing close by a thicket, his gun, which he had just discharged, by his side, and a huge bear with an angry howl rushing upon him.	125:130	0:340
tree_nn	nn2	1992	2	fic_1992_40397.txt-88-4	 	The manager wanted the trees for a display at the main entrance, and Carl had to talk him out of organics.	23:28	0:106
tree_nn	nn2	1845	1	nf_1845_747928.txt-48-41	 	But when a graft is taken from one of these trees, and placed upon another stock, this grafted tree is found to lose its singular power of producing the same by seed, and becomes like all other worked trees	201:206	0:206
tree_nn	nn1	1851	1	mag_1851_504024.txt-369-23	 	Although he could not force me to fulfill // the contract, he could blast my life in its bloom - wither the tree to the core-make a desert round it-poison the very atmosphere that gave it nourishment and strength -- and wait patientto see it die, leaf by leaf; and branch by branch, This was his devilish project.	108:112	0:313
tree_nn	nn2	1967	2	mag_1967_431741.txt-90-5	 	Once a carefree tomboy climbing trees and riding horseback on her father's farm, now that she's famous she's imprisoned by a paralyzing self-consciousness which makes a public appearance, or even a shopping trip, something of an ordeal.	32:37	0:236
tree_nn	nn2	1849	1	nf_1849_747900.txt-1005-19	 	Wielded in one hand it was useful in clearing away shrubs and branches, but almost harmless upon large trees, and the Indians,	103:108	0:126
tree_nn	nn1	1989	2	fic_1989_782038.txt-2623-13	 	The men ate quietly, then returned to the whiskey under the shade tree.	66:70	0:71
tree_nn	nn2	1824	1	fic_1824_7278.txt-989-22	 	The low murmurs of the little stream along which we rode -- the wind that sighed through the naked branches of the trees -- the rustling of the fallen leaves over which we passed, all seemed to speak a voice of warning to my fearful spirit. \"	115:120	0:242
tree_nn	nn2	1824	1	fic_1824_7037.txt-2407-4	 	The foliage of the trees was every where so thickly interlaced, excepting the narrow footpath which opened before him, that scarcely a single ray of light could be discerned among the branches.	19:24	0:193
tree_nn	nn1	1988	2	fic_1988_13311.txt-1418-5	 	ELIJAH I will build a tree for my crow.	22:26	0:39
tree_nn	nn1	2005	2	fic_2005_780519.txt-398-22	 	TREEHOUSE - SAME TIME We watch over Kenny's shoulder as Leonard falls from the treehouse, smacks his head on the tree trunk and comes to a crash upon some rocks.	113:117	0:161
tree_nn	nn1	1851	1	nf_1851_747930.txt-3604-60	 	The great variety of rich colors, shades of scarlet, crimson, and purple, which the leaves and stems of this plant assume, and the situations in which we see it, climbing up the trunks and spreading along the branches of trees, covering walls and heaps of stones, forming natural festoons from tree to tree, or trained on the sides and along the piazzas of dwelling-houses, make it one of the conspicuous ornaments of the autumnal months.	302:306	0:438
tree_nn	nn2	1980	2	fic_1980_10663.txt-55-9	 	They walked out of the flower-garden and stood under trees, looking on the valley.	53:58	0:82
tree_nn	nn2	2004	2	fic_2004_30237.txt-24-9	 	As I'itoi was thinking these things under the cottonwood trees, he looked up.	57:62	0:77
tree_nn	nn1	1858	1	nf_1858_747890.txt-902-2	 	As the tree increases in size, the roots near the body exhaust the soil of nutriment, and the absorbents, or fibrous spongioles, become hardened by age, and incapable of action.	7:11	0:177
tree_nn	nn2	1986	2	fic_1986_10746.txt-369-25	 	Some of the cobbles there seemed to be covered with moss of different colors, which birds were carrying strand by strand up into the trees.	133:138	0:139
tree_nn	nn1	1856	1	nf_1856_769051.txt-3330-25	 	The boy objected that his father was near, but he was at length prevailed on to go, and after they had fired the tree, and while they were busy killing or taking the squirrels, the hunter suddenly made his appearance, and clasped the strange boy in his arms.	113:117	0:258
tree_nn	nn2	1841	1	nf_1841_747926.txt-950-14	 	In the first case, suppose it is desired to form a group of trees,	60:65	0:66
tree_nn	nn2	1822	1	fic_1822_7243.txt-4765-23	 	The last arrows, with scarlet plumage, flew upon the wind, toward the habitation of their enemy; and the circling trees around, seared by the whirled tomahawks, gave terrifying evidence to the kind of combat that was to follow -- no quarter?	114:119	0:241
tree_nn	nn2	2001	2	mag_2001_417542.txt-66-6	 	Scientists have found that the young trees on plantation farms absorb more carbon dioxide from the atmosphere than older forests; so plantation forests help combat the greenhouse effect.	37:42	0:186
tree_nn	nn2	1856	1	fic_1856_9779.txt-13013-23	 	Among the pines, the scattered groups of our partisans were bivouacked, mostly without tent or covering, save that of the trees and the heavens.	122:127	0:144
tree_nn	nn2	2005	2	fic_2005_31446.txt-103-18	 	That first day, Marcie moved them farther and farther apart as the sun angled down through the trees, and I wouldn't back down, even when the wrinkled skin between my toes bled.	95:100	0:177
tree_nn	nn1	2000	2	fic_2000_38702.txt-269-12	 	There was a half-mile of shoals and then the big pool and tree swing.	58:62	0:69
tree_nn	nn1	1854	1	fic_1854_9218.txt-0-21	 	@@2219 Page image Hic Fructus Virtutis; Clifton Waller Barrett - Paste-Down Endpaper with Bookplate: heraldry figure with a green tree on top and shield below.	130:134	0:159
tree_nn	nn2	1965	2	fic_1965_10456.txt-3603-11	 	They were five, standing togetherp239just at the edge of the trees with grinning faces.	61:66	0:87
tree_nn	nn2	1975	2	fic_1975_10600.txt-1237-18	 	The nearest he'd seen to anything like this was a line of maple and beech and hickory trees after the first hard frost had hit them.	86:91	0:132
tree_nn	nn1	1832	1	mag_1832_554167.txt-84-20	 	By ascertaining the time when these eggs are laid, and tying straw or matting round the trunk of the tree, its injuries are easily prevented.	101:105	0:141
tree_nn	nn2	1967	2	fic_1967_10494.txt-3896-11	 	That's her cabin -- just there, beyond the spruce trees. \"	50:55	0:58
tree_nn	nn2	1850	1	fic_1850_7171.txt-5572-3	 	There should be trees in every street, without exception, -- trees about the Markets, trees in front of the shops, and on the docks, and shading the manufactories. \"	16:21	0:165
tree_nn	nn2	1853	1	nf_1853_771859.txt-1580-12	 	others assert it to be a resinous gum, exuding from certain trees, and collected by the bees like pollen.	60:65	0:105
tree_nn	nn2	2005	2	news_2005_604814.txt-2-2	 	As Christmas trees glow and snow falls outside the playhouse's massive windows, night after night Dick Boyd stands in a receiving line as people wait to shake his hand, get his autograph and, yes, give him a hug.	13:18	0:212
tree_nn	nn2	1995	2	mag_1995_420946.txt-118-17	 	You don't sink into the snow as much, but I still find places in the trees where I hit large pockets of snow that fly up face shots And you still get the same floating sensation that is the raison d'tre of powder skiing.	69:74	0:220
tree_nn	nn2	1993	2	mag_1993_409306.txt-20-29	 	At some point in its travels from its birthplace in the Malay Archipelago, perhaps many times, the breadfruit was cloned from the rootstock of specially desirable seedless trees.	172:177	0:178
tree_nn	nn1	1976	2	fic_1976_14235.txt-3398-25	 	Then they would slowly make their way through the thick woods -- HORTON And in the thick woods we could fight them Indian fashion from tree to tree.	135:139	0:148
tree_nn	nn1	1839	1	fic_1839_7335.txt-551-10	 	Several rods, or shoots of that thus oddly consecrated tree, were accordingly selected, cut and carefully trimmed for the purpose.	55:59	0:130
tree_nn	nn1	2002	2	mag_2002_385274.txt-73-20	 	FOCUS ON THE SMALL THINGS Use a camera to search for and capture signs of springa tiny bud on a tree branch or the hint of a purple crocus.	96:100	0:139
tree_nn	nn1	1973	2	nf_1973_773920.txt-539-1	 	The tree could not know of its coming fall, although man could discover it if he happened to examine it.	4:8	0:104
tree_nn	nn2	1833	1	fic_1833_7201.txt-717-24	 	The sighing of the wind, as the branches rise and fall upon it, -- the occasional note of a bird among the trees, and the shifting of light and shade upon the tombs beneath, have a	107:112	0:180
tree_nn	nn2	1841	1	nf_1841_747926.txt-2442-3	 	The North American trees composing the genus Magnolia ire certainly among the most splendid productions of the forests in any temperate climate; and when we consider /z/ the size and fragrance of their blossoms, or the beauty of their large and noble foliage, we may be allowed to doubt whether there is a more magnificent and showy genus of deciduous trees in the world.	19:24	0:371
tree_nn	nn2	1837	1	mag_1837_554445.txt-162-10	 	and find that the sound of the wind in the trees, and the singing of birds, are much more agreeable to our ears than the incessant barking of dogs and screaming of children.	43:48	0:173
tree_nn	nn2	1839	1	fic_1839_7336.txt-168-16	 	or two above that: the Red Coats need leveling a cursed sight more than the trees, at this crisis.	76:81	0:98
tree_nn	nn2	1853	1	fic_1853_9200.txt-1628-23	 	As a simple-hearted clergyman read the service, the words sighed mournfully among the withered branches; and through the intervals of the trees came a glimpse of the broad Hudson, rolling in long waves, each wave tinted with the last glow of the departing day.	138:143	0:260
tree_nn	nn2	1994	2	news_1994_620109.txt-17-17	 	The next two to four weeks is the optimal time to walk among the gold or red trees and reddening grapevines.	77:82	0:108
tree_nn	nn2	2002	2	fic_2002_47054.txt-391-39	 	At first the sound seemed generalized, permeating the air, but I determined that it came from the creek, more specifically from that portion of the creek that disappeared into a thicket of squat shrubs and crooked trees brandishing new, pale -- green leaves.	214:219	0:258
tree_nn	nn2	1856	1	fic_1856_7889.txt-218-68	 	; Around the fires of blazing pine, Through the dark wood that nightly shine Before the wigwam doors, appear A thousand flitting hosts, that scorch Their rash wings in the dazzling torch; Wayward and glittering in its flight, The fire-fly, now its light revealing, And now the transient glow concealing, Sparkles amid the shades of night, And through the trees, in fitful gleams, Of wandering mood, a spirit seems; In deep morass, the croaking throats Of frogs their dreary songs combine; From dismal swamps, the solemn notes Of owls in gloomy hootings join, And heard around, the hamlet nigh, Are fox's bark and panther's cry. \"	355:360	0:629
tree_nn	nn1	1995	2	mag_1995_415114.txt-72-44	 	PILCHUCK GLASS SCHOOL In 1971, with the support of patrons Anne Gould Hauberg and John H. Hauberg, and a $2,000 grant from the Union of Independent Colleges of Art, the glass artist Dale Chihuly founded the Pilchuck Glass School on a tree farm in Stanwood, Washington, an hour's drive north of Seattle. \"	234:238	0:304
tree_nn	nn1	1850	1	fic_1850_2535.txt-108-5	 	Then he sits on a tree, and looks wise, as father says.	18:22	0:55
tree_nn	nn2	1855	1	fic_1855_2661.txt-1093-19	 	the howling wind, like ten thousand furies, came crashing and roaring through the forest, bearing whole trees on its driving wings, while others bent low before the blasting swoop of its leveling might!	104:109	0:202
tree_nn	nn2	1997	2	fic_1997_42230.txt-691-13	 	Tarrant and Muskie started down the hill, and as they entered the trees Tarrant stopped and looked back.	66:71	0:104
tree_nn	nn1	1845	1	nf_1845_747909.txt-1201-33	 	XL), pass into one another with a force greater than the pressure of a column of water seven hundred feet high; so that, to elevate the sap in a tree, or to drive the blood in an animal, is an insignificant demand on the energy which this force could put forth.	145:149	0:261
tree_nn	nn1	1998	2	mag_1998_400662.txt-36-34	 	Three days later, when the backs of his legs were aflame with the rash and massive blisters, he realized that once upon a time, poison ivy vines had thrived on the tree's bark, leaving behind-you guessed it-lots of urushiol.	164:168	0:224
tree_nn	nn1	1998	2	fic_1998_44220.txt-236-8	 	The brittle twigs of a large, bare tree scratched at the sky.	35:39	0:61
tree_nn	nn2	2002	2	news_2002_603921.txt-36-47	 	A partial list of her tree themes: mice, Winnie the Pooh, patriotic, Disney, The Wizard of Oz, outer space, folk art, religious, Peanuts, copper, fairies, birds, Eskimos and polar bears, three blown glass trees, four angel trees, three Santa trees, two snowman trees and four animal trees.	205:210	0:289
tree_nn	nn2	2006	2	fic_2006_51660.txt-30-13	 	White and pink roses and drooping tangled vines and espaliered pear and peach trees heavy with hard young fruit draped the great stone garden wall all the way to the dark back corners.	78:83	0:184
tree_nn	nn2	1987	2	mag_1987_335053.txt-1-46	 	But there is no charge for rent or utilities, and if the location is less than ideal -- beneath an overpass at the edge of a San Francisco parking lot -- at least the two snug, waterproof plywood structures are nestled among fragrant eucalyptus trees.	245:250	0:251
tree_nn	nn1	1994	2	fic_1994_41229.txt-259-54	 	The rest of the letter was about the Raniers ' home out in the country, and how much Natalie wished we had a house, and how sometimes she thought that I was not the best man in the world but that someday we were going to live in a house with a tree in the yard.	244:248	0:261
tree_nn	nn2	1989	2	fic_1989_5359.txt-6480-27	 	Looking off to his right, he saw fragments of wall bounding the edge of a field, and a broken, fluted column rising among olive trees, quiet reminders that the city had once extended into these fields and beyond.	128:133	0:212
tree_nn	nn1	1849	1	fic_1849_7230.txt-1758-7	 	He retreated a little space to a tree, while the savage standing at about six yards ' distance paused a moment with his tomahawk brandished high in air, and apparently deliberating in his own mind, whether he would close with him at once, or assail him from that distance.	33:37	0:272
tree_nn	nn2	1993	2	fic_1993_25011.txt-2130-12	 	Morning found them in a rich country with rows of stately 1 trees along the banks.	60:65	0:82
tree_nn	nn2	1974	2	fic_1974_13258.txt-455-7	 	I don't think we need lemon trees A lemon tree's a waste When artificial lemonade Has such a lovely taste We've got Sodium bicarbonate Fumaric acid We'll try Not to get The measurement wrong It's all Calcium Disodium Propylene Glycol In the Artificial Lemonade Song We could put in a banana That would really hit the spot But I tore up my banana tree To build a parking lot We could sweeten it	28:33	0:393
tree_nn	nn1	1966	2	fic_1966_10473.txt-4995-32	 	Taking instead of giving; and by his taking, leaving me light as a feather, about to float in a minute to the top of the world's highest Christmas tree.	147:151	0:152
tree_nn	nn1	1849	1	nf_1849_755107.txt-2709-2	 	Finding no tree on the strand, we stuck our oars in the ground, and to these we fastened our hammocks.	11:15	0:102
tree_nn	nn2	1988	2	mag_1988_337446.txt-8-3	 	the concrete palm trees out front, a favorite drink is root-beer schnapps.	18:23	0:74
tree_nn	nn2	1845	1	fic_1845_7170.txt-517-23	 	The shadows of the forest vibrated and flickered on the yellow leaf-strewed earth and through the green underwood; the trunks of the trees shot up, in straight, rough, tapering stems clear through the branches into the sky.	133:138	0:223
tree_nn	nn2	1853	1	fic_1853_9040.txt-1302-23	 	Of course, prosperity mated herself with him, and the fields grew broader and wider, and the shadows of the orchard trees covered all the ground, while flocks of cattle and sheep dotted the pastures.	116:121	0:199
tree_nn	nn2	1853	1	fic_1853_2409.txt-622-6	 	They are felling the nations like trees on their way, And	34:39	0:57
tree_nn	nn1	1846	1	fic_1846_544.txt-3430-5	 	This mode of walking the tree is only practicable where the trunk declines considerably from the perpendicular.	25:29	0:111
tree_nn	nn1	2001	2	fic_2001_27768.txt-138-23	 	A home, like my mother's, that would come alive at Christmas with a roaring fire and a tall, sparkling tree.	103:107	0:108
tree_nn	nn1	1996	2	mag_1996_383581.txt-42-34	 	At almost the same time Mackintosh was designing wroughtiron versions of the Glasgow coat of arms for the nearly completed Glasgow School of Art, where the same motif of a bird in a tree predominated.	182:186	0:200
tree_nn	nn1	1993	2	fic_1993_16196.txt-1845-17	 	LIVING ROOM, CAROLINE 'S HOUSE - (SAME TIME) The light of a silver Christmas tree - Michael is sound asleep in front of the TV, thumb in his mouth, on the couch in his pajamas, ski hat and coat.	77:81	0:194
tree_nn	nn1	1854	1	fic_1854_8328.txt-2813-25	 	Dark caves, Worn by the foamy buffeting of waves; The blue abysses of the moaning sea, Where coral insects fashion dome and tree, And mermaids chant, by mortal eye unseen, And comb in sparry halls their tresses green; The broad savannah, where the bison strays	124:128	0:260
tree_nn	nn2	1859	1	mag_1859_506406.txt-218-6	 	The air grew dark, the trees swayed and roared in the rising blast, and there was every appearance of a sudden and furious storm.	23:28	0:129
tree_nn	nn2	1845	1	nf_1845_747928.txt-712-7	 	The season best adapted for transplanting fruit trees is a matter open to much difference of opinion among horticulturists; a difference founded mainly on experience, but without taking into account variation of climate and soils, two very important circumstances in all operations of this kind.	48:53	0:295
tree_nn	nn1	1990	2	fic_1990_13677.txt-691-5	 	KOSHCHEI enters carrying a small tree with golden fruit.	33:37	0:56
tree_nn	nn1	1851	1	fic_1851_3336.txt-2841-13	 	He would have followed her, but stumbling against the root of a tree, before he could recover himself she was at the outskirts of the wood, in sight of the farm-house, and though he might overtake he could not detain her.	64:68	0:221
tree_nn	nn2	1972	2	mag_1972_431829.txt-43-11	 	At Tucson in 1901, A. E. Douglass began looking at trees for old weather records.	51:56	0:81
tree_nn	nn1	1856	1	fic_1856_9797.txt-6645-69	 	The bill of exception states: That the slave Sam, in the indictment mentioned, of getting drunk, and dealing, as the slave confessed and alleged, with Henry and Stone, two of the witnesses for the Commonwealth, he caused him to be tied and punished in the presence of the said witnesses, with the exception of slight whipping with peach or apple tree switches, before the said witnesses arrived at the scene after they were sent for by the prisoner (who were present by request from the defendant), and of several slaves of the prisoner, in the manner and by the means charged in the indictment; and the said slave died under and from the infliction of the said punishment, in the presence of the prisoner, one of his slaves, and of one of the witnesses for the Commonwealth.	346:350	0:775
tree_nn	nn1	1851	1	nf_1851_747930.txt-4018-1	 	Our tree is commonly found on a rather dry, sandy	4:8	0:49
tree_nn	nn1	2006	2	news_2006_623963.txt-66-14	 	Another time we were hiking when we saw two small cubs run up a tree just like in the movies.	64:68	0:93
tree_nn	nn1	2005	2	fic_2005_32824.txt-126-40	 	Boys with missing teeth, their faces smeared with red Popsicle goo, their beady little eyes laughing at her as they lured her behind their house to see their new \" puppy \" and then lassoed her to a tree and hung her upside down.	198:202	0:228
tree_nn	nn2	1962	2	mag_1962_133963.txt-63-22	 	Not only is it the season of the equinox, but already the fresh chill gradient winds of autumn have tinted the trees of Newport.	111:116	0:128
tree_nn	nn1	1966	2	fic_1966_1008.txt-127-39	 	So, on one bank of the river grew the brier rose, a fragile thing, swaying on a slender stalk and looking at its pretty reflection in the water; and on the other a sturdy pine tree, well rooted against wind and storm.	176:180	0:217
tree_nn	nn2	1990	2	mag_1990_420777.txt-5-22	 	Sandford Road is a busy Dublin thoroughfare, but its early-19th-century detached villas are set back from the street and surrounded by trees, creating an almost country-style landscape.	135:140	0:185
tree_nn	nn2	1849	1	fic_1849_7216.txt-4777-12	 	All the stars laugh, When upward she looks: All the trees chat In their woody nooks: All the brooks sing; All the caves ring; All the buds blossom; All the boughs bound; All the birds carol; And leaves turn round, Where Yillah looks!	52:57	0:233
tree_nn	nn1	1859	1	fic_1859_270.txt-4005-9	 	I did not speak to you of the great tree on what used to be the Colman farm, in Deerfield, simply because I had not seen it for many years, and did not like to trust my recollection.	36:40	0:182
tree_nn	nn1	1845	1	fic_1845_7170.txt-3107-11	 	As she was going on, suddenly issuing from behind a tree, appeared to her in her dream, the same lady who had talked with her after meeting, Miss Amy. \"	52:56	0:152
tree_nn	nn2	1960	2	fic_1960_5137.txt-2608-29	 	His face was stricken in the light of a new flare, and as suddenly as he had come to object, he left, plunged back under the trees to seek his people, be beside them, comforting them when disaster struck down.	125:130	0:209
tree_nn	nn2	1991	2	fic_1991_53459.txt-84-28	 	The town of Fitzgerald was founded as a refuge for soldiers from both sides, and the streets were named either for generals, battleships, or southern trees and rivers.	150:155	0:167
tree_nn	nn2	1967	2	mag_1967_490647.txt-48-14	 	The great hulk of the mountain soared above us, pale brownish-purple with hare trees and underbrush, which in places, high up, turned to rock, crinkled like elephant hide; at the peak, more than a thousand feet over our head, the sun was a light-colored disc in haze, almost touching the tiny, fuzzy treetops.	79:84	0:309
tree_nn	nn2	1848	1	fic_1848_7341.txt-544-26	 	The country ain't much else but one everlastin turpentine plantation; and all one can see for miles, is millions upon millions of pine trees with the bark half off, and the white turpentine runnin down ther sides, and lookin like so many tall ghosts	135:140	0:249
tree_nn	nn1	1849	1	fic_1849_7006.txt-2460-3	 	Flower passed the tree a few feet, and rested her delicate foot upon a stone of singular appearance. \"	18:22	0:102
tree_nn	nn1	1858	1	nf_1858_747890.txt-177-42	 	Guano affords an admirable liquid-dressing for trees (especially when exhibiting a languid growth) applied at the rate of an ounce or /z/ two in a pailful of water, distributed for a space of three or four feet around the tree.	222:226	0:227
tree_nn	nn2	1831	1	mag_1831_563912.txt-14-6	 	Next you will see what magnificent trees may spring from an inconsiderable acorn, in a couple of live oaks, the emblems of strength and immortality.	35:40	0:148
